KEYWORD,SCORE
electricalsmechanical engineeringerectionpersonal skillsinterpersonal skillsproblem solvingcement erectionmechanical engineersolving engineersolving mechanicalcustomer management,92.94736842105263
safetyproject planningproject executionenvironmentmaintenance operationsproject costingproject documentationvendor managementconflict resolutionmanpower management,74.94736842105263
jacstatic engineerstatic design engineerstatic mechanicalpressure vessel engineerstatic senior engineer,63.24613300826223
fire alarm etp stp blower hvacutility maintenance dg sets,61.05729166666667
material handling  conveyors spms packaging machines pharmaceutical machines machine tools industrial automation,59.86546982429335
maintenancemechanical testingmaterials engineermechanical software testingautomotive electronicsproduction engineeringmechanical engineerautomobile,58.44444444444444
design calculationstemaansipdesign engineeringmechanical designequipment designdesign developmenttema asme project planning,53.64501951810472
examples include high voltage & high current distribution & cabling,51.833333333333336
waste water treatmenteffluent treatmentsewage treatmentetpwtpstpwaste wtpwaste etp,42.5625
material handling  conveyors fork lift manufacturing industrial automation,39.04202660085013
chemical bio tech architectural plastic oil & gas automobile,37.33333333333333
conveyors fork lift mechanisms pallet trucks,37.25
large manufacturing   engineering unit intomechanical maint handling,36.03390971773325
cad cammanufacturing processexport housemechanical engineeringmechanical manufacturinghardgoods,34.625
designs innovative materials handling solutions including component selection,32.90959383753501
pc laptop mobile tablet mechanical design review,32.501531620553365
mechanical design engineer  forklift pallet truck design,32.03933129548225
main steam   hot reheat   cold reheat,31.333333333333332
techmechanicalelectricalmaintenancemechanical testingcad pro eindustrial instrumentationproduction manufacturing,29.238461538461536
good analytical problem solving skills involving electrical & automation,29.11263440860215
provide maximum output levels & efficient running,28.733333333333334
engineer   mechanical maintenance   plastic industry   west bengal,27.95290315538563
auto mechanic  mechanical engineer   east africa,25.956722599830076
international recruitment company providing job opportunities,25.90735294117647
knowledge plate type heat exchanger design,23.944752623688156
designcustomer supportsolid worksmechanical engineeringtechnical sales,23.333333333333332
high rise residential   commercial  township,23.166666666666668
autocadsolid edge2ddesign3dmechanical engineeringcreoproetolerance analysismechanical design,22.791304347826088
pumpscompressorsmechnical maintenanceutility maintenancehvacahucooling towersutility equipments,22.523809523809526
civil electrical automobile mechanical desigen engineer 99584152,21.87338926649674
outgoing 2d & 3d drawing models,21.375
sheet metal  press tool machine maintenance,21.32514880952381
vacuum pumpsbreakdown maintenanceblowerspneumaticspreventivecrushermechanical maintenanceextrudermaintenance activities,21.26666666666667
engineer mechanical maintenance  auto component manufacturing,20.635809138291613
wanted qualified mechanical   piping engineers degree,20.337364024864023
batching plant stone quarry crushers,20.047619047619047
maintenance engineeringmechanical maintenancemaintenance & plant engineering,19.80133928571429
awarding stage anf detailed scope,18.944444444444443
orthopedic mechanical design engineer   hyderabad,18.248026947656165
mechanical design engineer industrial automation,18.077572402201618
lead mechanical engineer   mining equipment design,17.688503138132354
suggest alternate cost effective design,17.491304347826087
defining product launch project plan,17.435294117647057
wanted graduate mechanical   piping engineers,17.029671717171716
mechanical   automobile   aeronautical engineers required,16.988005050505052
ac & dc power systems experience,16.923475258918295
internationally recognized engineering qualification  bsc,16.57142857142857
netbrains consulting solutions pvt,16.5
mechanical engineer   shift engineer mechanical maintenance,16.463161108751063
mechanical design engineer   direct walkin,16.41469361432283
supervisory experience covering maintenance  installation,16.13682753164557
indoor outdoor enclosures & racks,16.0
undertaking manpower planning & work allocation,15.842105263157894
mechanical engineers   maintenance   industrial engineer,15.829670832153308
supervising amc vendors including requirements,15.791666666666666
tube type heat exchangers,15.55
engineer mechanical maintenance   machine shop,15.347347599830076
detailed engg vendor drawing review,15.302777777777779
handling multi party vendors,15.149019607843137
checking compliance related mining standards,15.021428571428572
water & waste water plants,14.958333333333334
static equipment related piping codes,14.911904761904761
tax free   company benefits,14.791666666666666
pig launcher  receiver design,14.791304347826086
balance plant system engineering knowledge,14.597495894909688
developing materials handling solutions,14.594117647058823
attend preventive & breakdown maintenance activities,14.546685606060606
auto desk inventor sheetmetal,14.5
electrical electronic circuit functionality,14.416666666666666
autocad design engineer   solidworks engineer,14.334295002031695
understands project life cycle,14.235294117647058
conduct pre bid meeting,14.208333333333334
3d models assembly & detailing,14.125000000000002
fabrication bills checking & work planning,14.119883040935672
autodesk inventor sheet metal,14.017857142857142
automatic concrete ready mix,14.0
moradabad based export house,14.0
mechanical cadd engineer   educadd,13.956722599830076
contributory health service scheme,13.916666666666666
leading oil & gas companies,13.902777777777779
comprise power systems solutions,13.727272727272727
ensure energy conservation initiatives,13.55
man hour estimate preparation,13.533333333333333
gas   energy   power   infrastructure,13.505050505050505
establish effective working relationships,13.5
3d cad design software,13.485748792270531
material handling equipments independently,13.44782913165266
designing material handling equipment,13.331162464985994
accurate records order equipment,13.323809523809523
fresh mechanical engineering graduates,13.281655844155845
pioneer management consultants hiring,13.280701754385966
group linked insurance scheme,13.25
orthopedic mechanical design engineer,13.248026947656165
mechanical engineer   fire fighting,13.206722599830076
reputed machine manufacturing company,13.163461538461538
plant mechanical maint & engg,13.049512987012987
lead engineer  mechanical   rotating & packages,13.043627361734838
display panels internal equipment,12.990476190476189
heat treatment furnace area,12.966666666666667
tech mechanical civil elec,12.710227272727273
diverse short term projects,12.666666666666666
amc vendors complete servicing,12.666666666666666
strong decision making skills,12.648745519713263
good inter personal skills,12.620967741935484
preparing proto type sample,12.55
manages scheduled condition monitoring,12.523809523809524
implementing latest tqm techniques,12.5
display panel internal equipment,12.490476190476189
mechanical maintenancetraineediploma trainee engineer,12.456722599830076
main plant system engineering,12.327380952380953
excellent supplier relationship management,12.247368421052633
water treatment equipment & plants,12.219642857142857
project engineers  mechanical   chemical,12.181632501485442
support compliance certification efforts,12.133333333333333
electro mechanical design engineer,12.123026947656165
gas turbine mechanical systems,12.11300505050505
multi disciplinary team environment,12.104761904761904
work resolving cost issues,12.048684210526316
production mechanical automobile engineer,12.006722599830077
cad tool preferably inventor,11.891666666666666
multi disciplinary design coordination,11.891304347826086
solid works proficient person,11.866666666666665
written communication skills proficient,11.785497656465399
job engineer   mechanical static,11.705742207673214
industrial products   heavy machinery,11.636363636363637
comprehensive mechanical engineering support,11.614989177489178
multidisplinary interface knowledge & coordination,11.60344827586207
water pumping & distribution,11.5625
technical bid evaluation & recommendation,11.547619047619047
mechanical engineer   diploma holders,11.506722599830077
autocad  catia  hypermesh  pro,11.5
concept design & industrial compressors,11.341087897609636
ensure accident free execution,11.316666666666666
corrective & preventive actions & implementation,11.283333333333333
manufacturing engineering   design activities,11.20952779104953
vendor development solving technical,11.172727272727272
project stage & serial production,11.11862745098039
lead cross functional team,11.104761904761904
quality check projects executed,11.083333333333334
gas turbines feed pumps,11.04861111111111
mechanical design engineer  hydraulic,11.048026947656165
supplier apqp ppap approval,11.014285714285716
pc mechanical engineer,10.956722599830076
fire safety standards autocad,10.95
perform system level calculations,10.92156862745098
experience applying electro mechanical,10.906429804372843
possess electro mechanical experience,10.906429804372843
opto mechanical production lines,10.885227272727274
major equipments working principles,10.857142857142858
product related field issues,10.83531746031746
pharmaceutical grade waxe,10.833333333333332
supervision  man power planning,10.762360446570973
hands dirty building prototypes,10.722222222222221
3d cad tools,10.678571428571429
institute innovative designs,10.657142857142857
milk processing industry operations,10.533333333333333
high level proficiency,10.500000000000002
reliability improvement design activities,10.49963768115942
heat treatment furnace,10.466666666666667
material handling equipments,10.44782913165266
handling air coolers,10.382352941176471
plastic manufacturing process knowledge,10.364132036545831
preventive maintenance schedule adherence,10.340625
technical assignments involving,10.333333333333334
industrial manufacturing environment,10.326340326340326
mechanical lead engineer   reviewer,10.240055933163411
engineer sr engineer  purchase,10.142990654205608
developing mechanical control systems,10.135227272727272
review problem solving,10.075
diploma mechanical engineers required,10.038005050505049
mechanical engineer   diploma  freshers,10.006722599830077
resource allocation deployment,10.0
contracted personnel including,9.958333333333334
cross functional initiatives,9.9
handling overseas projects,9.882352941176471
3d software   autocad,9.869444444444444
multi  disciplinary teams,9.85
display panel equipment,9.823809523809523
including civil maintenance,9.765625
main plant equipment,9.704761904761904
fire fighting standards,9.65
oil & gas  power,9.630050505050505
applies innovative technologies,9.6
problem solving skills,9.570967741935483
solidworks cad software,9.569444444444445
engineering cad software,9.515873015873016
agency regulation certification,9.5
holders hard worker,9.5
related remedial actions,9.404761904761905
utility & plant maint &,9.380952380952381
material selection properties,9.375
minimum 10 years practical experience,9.360676215856095
recognized university degree,9.307692307692307
senior mechanical engineer,9.29005593316341
corrective & preventive actions,9.283333333333333
vendor document review,9.275
multi disciplinary team,9.27142857142857
fire protection systems,9.25
senior design engineer,9.246133008262223
electro mechanical portion,9.210227272727273
record problem faced,9.2
meet desired quality standards,9.15
cross functional teams,9.15
cad technician prior,9.125
making design proposals,9.12463768115942
revit mep software,9.11111111111111
water treatment system,9.0625
approve material substitutions,9.041666666666666
cost effective manner,9.033333333333333
sheet metal forming,9.017857142857142
plastic product design,9.01352657004831
mechanical design review,9.00153162055336
electro mechanical design,9.00153162055336
aligarh muslim university,9.0
real estate sector,9.0
produce visual interpretations,9.0
competitive product assessment,9.0
dfm dfa dfr,9.0
respective trade persons,9.0
piping isometric drawing,9.0
mttr & mtbf timing,9.0
graduate mechanical engineer,8.956722599830076
fresher mechanical engineer,8.956722599830076
smooth interdepartmental activities,8.933333333333334
correct manufacturing issues,8.913461538461538
oil & gas projects,8.902777777777779
analyze vendor offer,8.9
diploma mechanical   automobile,8.885227272727272
tech robotic systemz,8.875
mechanical piping engineer,8.873389266496744
mechanical  piping engineer,8.873389266496744
deliver product designs,8.857142857142858
medical scheme facility,8.85
ms windows environment,8.833333333333334
automobile engg department,8.833333333333334
senior reliability engineer,8.829828660436139
small entrepreneurial atmosphere,8.8
preventive maintenance activities,8.773958333333333
vacuum pumps servicing,8.770833333333334
national oil company,8.75
mechanical design engineer,8.748026947656165
design engineer   mechanical,8.748026947656165
design engineer  mechanical,8.748026947656165
water treatment systems,8.729166666666666
gate 2015 qualified candidates,8.727272727272727
electro mechanical systems,8.710227272727273
mechanical related design,8.697960191981931
mechanical safe system,8.668560606060607
subsidized canteen facilities,8.666666666666666
approving executive layouts,8.666666666666666
mechanical design modification,8.62653162055336
good interpersonal skills,8.620967741935484
good communications skills,8.620967741935484
good drafting skills,8.620967741935484
plant water system,8.610119047619047
engineer   mechanical maintenance,8.597347599830076
maintenance engineer mechanical,8.597347599830076
mechanical maintenance engineer,8.597347599830076
hydraulic circuit design,8.591304347826087
preventive maintenance activity,8.590625
statutory related documents,8.571428571428571
electrical & mechanical engineers,8.529671717171716
supplier sample approval,8.514285714285714
obtain design approval,8.5055900621118
mechanical data sheets,8.50189393939394
drive lean thinking,8.5
front office executive,8.5
heater drains & vents,8.5
services contracting procurements,8.5
pr po conversions,8.5
ansys   unigraphics   solidworks,8.5
machine maintenance   repair,8.458806818181818
validate equipment design,8.448447204968943
complex skilled maintenance,8.390625
communication & data interfaces,8.35897435897436
mechanical ventilation systems,8.335227272727273
component selection,8.333333333333334
fmea meetings   leader,8.333333333333334
finalizing equipment layouts,8.323809523809523
strong negotiation skills,8.315412186379929
software skills desired,8.315412186379929
good communication skills,8.313275434243177
time sensitive deadlines,8.285714285714285
bd loss time,8.285714285714285
time & wastage entry,8.285714285714285
optical mechanical engineering,8.281655844155845
detailed manufacturing drawings,8.274572649572649
free transport facility,8.266666666666666
optical test equipment,8.257142857142856
prepare design concepts,8.252842809364548
hydrocarbon construction sector,8.25
cad designer engineer,8.246495327102803
electro mechanical requirements,8.210227272727273
windchill   pro  intralink,8.2
processing machines,8.2
manufacturing erp processes,8.18131868131868
diploma fresher engineer,8.171495327102804
good drawing reading,8.166666666666668
conducting research programs,8.166666666666666
result oriented person,8.166666666666666
mechanical equipment   facilities,8.159036796536796
poorly performing equipment,8.157142857142857
vendor drawing reviews,8.15
hydraulic system diagnostic,8.133333333333333
small office environment,8.133333333333333
company website www,8.125
general arrangement drawings,8.125
breakdown & preventive maintenance,8.113352272727273
engineering change order,8.113095238095237
customer till end,8.11111111111111
regular facility rounds,8.1
multiple sourcing exercises,8.1
job kindly email,8.08235294117647
job involves traveling,8.08235294117647
perform detailed design,8.078886047172492
excellent communication skills,8.063275434243177
prepare test samples,8.061538461538461
experience testing development products,8.050747986191023
ensure rate contacts,8.05
ensure adequate inventory,8.05
mechanical design calculations,8.038296326435713
optical mechanical products,8.017045454545455
encourages team personnel,8.004761904761905
control plans meetings,8.0
malayalam speaking regular,8.0
ms   word format,8.0
gandhinagar highway bhat,8.0
company required staff,8.0
etp  wwtp,8.0
supports production activities,7.9833333333333325
mechanical engineer   projects,7.956722599830076
machineries equipments tools,7.9523809523809526
adopting process engineering,7.946428571428571
guide junior engineers,7.944444444444444
activities include,7.933333333333334
supply chain activities,7.933333333333334
hydraulic system design,7.924637681159419
vendor development activity,7.922727272727273
prepare design layouts,7.919509476031214
qualified parts lists,7.916666666666666
thermal dissipation calculations,7.911764705882353
execute detailed design,7.902415458937197
daily works management,7.897368421052631
review technical bids,7.875
technical analyses required,7.875
mechanical equipment required,7.86737012987013
shift engineer  mechanical,7.865813508920986
maintaining mechanical utilities,7.835227272727273
design criteria required,7.832971014492753
conduct design reviews,7.8329710144927525
strong technical skills,7.815412186379929
autocad & solidwork projects,7.8
design mechanical parts,7.793198287220026
mechanical engineering expert,7.7816558441558445
degree inmechanical engineering,7.7541208791208796
good interpersonal skill &,7.75
production manufacturing maintenance,7.729086538461538
engineering mechanical engineering,7.728084415584416
proactive mechanical maintenance,7.725852272727273
diploma mechanical engg,7.718560606060606
master room   approval,7.714285714285714
support engineering activities,7.713095238095239
resolve technical issues,7.708333333333334
projects  planning   sales,7.701754385964913
international codes & standards,7.700000000000001
ms office products,7.681818181818182
technician   contractor technician,7.666666666666667
improve product performance,7.666666666666666
mep bim projects,7.666666666666666
process equipments maintenance,7.664434523809524
5 diploma mechanical engineers,7.66300505050505
grasp processing technology,7.65
heavy engineering   pro,7.646428571428571
ordinate maintenance efforts,7.640625
process workflow drawings,7.625
compiling test reports,7.6
multiple projects simultaneously,7.6
flexible team player,7.6
defined quality parameters,7.583333333333334
required design calculations,7.57806905370844
industrial engineer,7.576040781648258
verbal communication skills,7.5632754342431765
repairing laboratory equipments,7.523809523809524
site related activities,7.504761904761905
water systems pumps,7.5
pneumatic conveying systems,7.5
completed relevant manufacturers,7.5
conduct training classes,7.5
india   overseas countries,7.5
performs complex calculations,7.495098039215687
design basis report,7.491304347826087
handling multiple,7.482352941176471
breakdown problem efficiently,7.472727272727273
guide small team,7.4714285714285715
site mechanical engineer,7.456722599830077
cochin  thrissur apply,7.428571428571429
develop written plans,7.4222222222222225
breakdown analysis sheet,7.415584415584416
automation systems,7.375
equipment erection works,7.357142857142857
good team player,7.35
minimum 2 years work experience,7.334360426382412
potential personnel problems,7.333333333333334
injection molding process,7.333333333333334
existing machines,7.3
duty time food,7.285714285714286
time book allowance,7.285714285714286
process & control engineers,7.277777777777778
process&control engineers,7.277777777777778
breakdown analysis   fa,7.272727272727273
knowledge column internal,7.2701149425287355
ensure process plant,7.264285714285714
prepare proposal drawings,7.253205128205128
ms office essential,7.25
indian mnc   cochin,7.25
operations heavy construction,7.25
thermal management components,7.216599190283401
degree   diploma   mechanical,7.192919580419581
electronics manufacturing industry,7.171794871794871
prioritize team interaction,7.171428571428571
supervising mechanical installation,7.135227272727273
operate engineering subsystems,7.113095238095238
lead engineers  clients,7.111111111111111
proactive maintenance plan,7.090625
detail drawing creation,7.083333333333334
perform verification testing,7.076470588235294
previous international experience,7.062869198312237
documents jobs career,7.051724137931035
quickly develop depth,7.033333333333333
mechanical engineering technicians,7.0316558441558445
proper packaging,7.0
high proficiency,7.0
creatively solve problems,7.0
industrial equipments,6.978354978354978
perform design calculation,6.967774936061381
efficient management,6.947368421052632
required experience & skills,6.942170273581054
instrument air packages,6.928571428571429
perform related duties,6.9145658263305325
perform duties related,6.9145658263305325
conduct application study,6.908333333333333
industrial engineering,6.900974025974026
solid works experience,6.89620253164557
internal inspection reports,6.866666666666667
repair work related,6.8632946001367054
project   site engineer,6.856789444749863
innovative cosnultants,6.8
perform maintenance work,6.790779798761609
meet customer requirements,6.777777777777778
ehs responsibilities adherence,6.777777777777778
india development center,6.772727272727273
conveyors,6.75
build & maintain competency,6.714285714285714
assembly automation,6.708333333333333
problem solving,6.7
cement erection experience,6.69620253164557
complete electrical components,6.685897435897435
perform installation works,6.676470588235294
mid scale projects,6.666666666666667
high standard,6.666666666666667
skill levels,6.666666666666667
technical & business research,6.666666666666666
work output,6.640350877192983
bom   estimated time,6.619047619047619
transmission line follow,6.583333333333334
basic hand calculations,6.578431372549019
recommends solutions,6.5
spms,6.5
tower mobile,6.5
emergency solutions,6.5
technical reports writing,6.5
3d environment,6.458333333333334
senior engineer,6.454828660436137
automobile engineering,6.446428571428571
mining equipment,6.407142857142857
autocad working knowledge,6.403448275862068
industrial pumps,6.392045454545454
material selection,6.375
visit client sites,6.333333333333334
production & quality inspection,6.333333333333333
static equipment,6.3238095238095235
mining equipments,6.273809523809524
good analytical,6.25
water treatment,6.229166666666666
customer support responsibilities,6.222222222222222
senior mechanical,6.168560606060606
industries including,6.125
product engineer,6.121495327102804
gas turbines,6.111111111111111
detailed checking,6.111111111111111
feed water,6.0625
interested candidates visit,6.0606060606060606
sheet metal,6.017857142857142
export house,6.0
middle east,6.0
auto ancillary,6.0
efficient utilisation,6.0
steam turbine,6.0
water piping,5.979166666666666
including bom,5.958333333333333
engineer mechanical,5.956722599830076
engineer   mechanical,5.956722599830076
mechanical engineer,5.956722599830076
mechanical drawing,5.918560606060606
detailed design,5.902415458937198
engineering tools,5.875
manufacturing stage,5.871794871794872
clarify designs,5.857142857142858
standard designs,5.857142857142858
vendor management,5.847368421052631
preventive maintenance,5.840625
opto mechanical,5.835227272727273
shop drawing,5.833333333333334
technical sales,5.833333333333334
machines,5.8
heat transfer,5.8
including troubleshooting,5.791666666666667
product design,5.791304347826086
service engineer,5.788161993769471
gas professionals,5.777777777777778
attend breakdown,5.772727272727273
auto components,5.769230769230769
mechanical  electrical,5.7518939393939394
tech mechanical,5.710227272727273
electrical engineers,5.694444444444445
children education allowances,5.666666666666667
design metal,5.666304347826086
lead engineer,5.654828660436137
plastic materials,5.633986928104575
mechanical design,5.62653162055336
system design,5.62463768115942
process engineer,5.621495327102804
mechanical engineers,5.61300505050505
vendor works,5.6
related equipments,5.595238095238095
mechanical designing,5.585227272727273
related national,5.571428571428571
design engineers,5.569082125603865
design teams,5.541304347826086
purchase engineer,5.521495327102803
plant design,5.505590062111802
compulsorily residential,5.5
functional area,5.5
effective learner,5.5
transmission lines,5.5
mechanical equipment,5.49237012987013
assembly & testing   1 opening,5.483333333333333
mechanical maintenance,5.475852272727273
maintenance personnel,5.473958333333334
complex plant,5.464285714285714
concept design,5.457971014492753
design criteria,5.457971014492753
manpower management,5.447368421052632
good communication,5.4423076923076925
power plant,5.441558441558442
soft tools,5.428571428571429
detail drawing,5.416666666666667
provide stability,5.4
multiple small,5.4
equipment power,5.384415584415584
managerial review,5.375
technical skills,5.370967741935484
piping engineering,5.363095238095238
details drawings & bom,5.358333333333333
mechanical systems,5.335227272727273
bid evaluations,5.333333333333334
applying principles,5.333333333333334
pharmaceutical,5.333333333333333
improvement activities,5.333333333333333
international codes,5.300000000000001
design process,5.291304347826086
design & technical,5.291304347826086
research engineer,5.288161993769471
metal materials,5.286764705882353
mechanical engineering,5.2816558441558445
product development,5.272727272727273
vacuum pumps,5.270833333333334
asme y14,5.25
pension scheme,5.25
skills required,5.245967741935484
parts related,5.238095238095238
engineering design,5.2377329192546584
approval process,5.214285714285714
mechanical reliability,5.210227272727273
design calculations,5.20306905370844
preventive routine,5.2
solid works,5.2
cost estimation,5.2
material processes,5.184523809523809
project management,5.18266253869969
manufacturing processes,5.181318681318681
junior staff,5.166666666666666
provide understanding,5.127272727272727
detail design,5.12463768115942
engineer attributes,5.121495327102804
engineer  projects,5.121495327102804
npd engineer,5.121495327102804
marketing engineer,5.121495327102804
development stage,5.106060606060606
international standards,5.1
written skills,5.093189964157706
production manufacturing,5.088461538461538
working drawing,5.083333333333334
built drawing,5.083333333333334
related studies,5.071428571428571
project stage,5.068627450980392
water tanks,5.0625
customer management,5.058479532163743
improve reliability,5.041666666666666
raw material,5.041666666666666
material request,5.041666666666666
material requisition,5.041666666666666
manufacturing procedures,5.038461538461538
international assignments,5.033333333333333
shift engineer,5.030586236193713
process equipments,5.023809523809524
support internal,5.0
lift,5.0
petrochemical plants,5.0
steam generation,5.0
reputed organization,5.0
component,5.0
heavy engineeringcompanies,5.0
defined area,5.0
sample transport,5.0
leading group,5.0
automatic samplers,5.0
packaging,5.0
plastic components,4.9914529914529915
work independently,4.973684210526316
ready work,4.973684210526316
good written,4.972222222222222
design reviews,4.957971014492753
engineering process,4.946428571428571
pm activities,4.933333333333334
heater packages,4.928571428571429
fm electrical,4.916666666666666
electrical malfunction,4.916666666666666
breakdown maintenance,4.913352272727273
project & proposal,4.901960784313726
vendor coordination,4.9
purchase & sourcing,4.9
vendor invoicing,4.9
equipments required,4.898809523809524
handling,4.882352941176471
automation,4.875
conduct dfmea,4.875
manufacturing & assembly,4.871794871794871
manpower planning,4.868421052631579
engineering calculations,4.858193277310924
ensure compliance,4.85
evaluates mechanical,4.835227272727273
physicists   mechanical,4.835227272727273
environment norms,4.833333333333334
injection molding,4.833333333333334
injection systems,4.833333333333334
cooling system,4.833333333333334
building repair,4.818181818181818
maintenance team,4.812053571428571
analytical ability,4.8076923076923075
preparing apqp,4.8
supplier audit,4.8
hydraulic systems,4.8
oil   petrochemical,4.791666666666667
material requirement,4.791666666666666
conceptual design,4.791304347826086
design requirements,4.791304347826086
structural design,4.791304347826086
themechanical design,4.791304347826086
design deliverable,4.791304347826086
built design,4.791304347826086
electromechanical design,4.791304347826086
design phase,4.791304347826086
estimated time,4.785714285714286
rotating equipment,4.782142857142857
infrastructure components,4.769230769230769
test parts,4.766666666666667
design work,4.764988558352402
prepare hydraulic,4.7615384615384615
engineering degree,4.7541208791208796
check lists,4.75
shop floor,4.75
good communicator,4.75
corrective action,4.75
power supply,4.727272727272727
power generation,4.727272727272727
productive plant,4.714285714285714
plant located,4.714285714285714
aproductive plant,4.714285714285714
international marketing,4.7
cost reduction,4.7
problem tracking,4.7
english communication,4.6923076923076925
piping components,4.685897435897436
design field,4.680193236714976
team center,4.671428571428571
inter disciplines,4.666666666666667
short notice,4.666666666666666
data collection,4.666666666666666
tool & instruments,4.666666666666666
direct proportion,4.666666666666666
internal problems,4.666666666666666
ga layouts,4.666666666666666
usable condition,4.666666666666666
equipment safety,4.657142857142857
equipment utilization,4.657142857142857
equipment history,4.657142857142857
equipment ga,4.657142857142857
repair mechanical,4.653409090909091
fabrication issues,4.652777777777778
indian standards,4.65
rotating equipments,4.648809523809524
maintenance engineeringmechanicalelectrical,4.640625
reactive maintenance,4.640625
supervise maintenance,4.640625
maintenance department,4.640625
predictive maintenance,4.640625
project planning,4.603715170278638
possess knowledge,4.603448275862069
tech candidates,4.6022727272727275
team player,4.6
test results,4.6
project sites,4.568627450980392
experience & skills,4.567170273581054
rotating & packages,4.553571428571429
ensure po,4.55
successful design,4.541304347826086
preparation checking,4.533333333333333
processing industry,4.533333333333333
utility equipments,4.523809523809524
packaged equipments,4.523809523809524
condition monitoring,4.523809523809524
technical point,4.5
dap process,4.5
solid edge,4.5
ehs norms,4.5
statutory norms,4.5
air conditioning,4.5
technical specifications,4.5
control systems,4.5
expert advice,4.5
excellent coordination,4.5
communicate technical,4.5
performing wire,4.5
goal oriented,4.5
tool assembly,4.5
electromechanical systems,4.5
prior intimation,4.5
place systems,4.5
process industries,4.5
thermal analysis,4.5
supervise services,4.5
microsoft office,4.5
log book,4.5
excellent verbal,4.5
excellent control,4.5
transport allowance,4.5
100 countries worldwide,4.5
speaking arabic,4.5
potential problems,4.5
excellent opportunity,4.5
technical problems,4.5
great drive,4.5
good understanding,4.4772727272727275
mep technologies,4.466666666666667
service delivery,4.466666666666667
prepare tba,4.461538461538462
prepare estimates,4.461538461538462
prepare reports,4.461538461538462
stores management,4.447368421052632
engineering utilities,4.446428571428571
engineering liaison,4.446428571428571
standard engineering,4.446428571428571
engineering fundamentals,4.446428571428571
engineering students,4.446428571428571
productionqualitymechanical engineering,4.446428571428571
good experience,4.44620253164557
strong sense,4.444444444444445
execution stage,4.433333333333334
qualification degree,4.4326923076923075
plant operation,4.428571428571429
nitrogen packages,4.428571428571429
utility packages,4.428571428571429
procurement activity,4.416666666666667
development processes,4.415584415584416
stress calculations,4.411764705882353
select materials,4.411764705882353
manufacturer standards,4.4
machinery standards,4.4
purchase requisition,4.4
5m standards,4.4
continuous improvement,4.4
production sites,4.383333333333333
action required,4.375
required compliances,4.375
required binders,4.375
presentation skills,4.370967741935484
previous experience,4.362869198312236
degree   diploma,4.357692307692307
operation & maintenance,4.354910714285714
work planning,4.342105263157895
responsible engineer,4.335781041388518
mechanical softwares,4.335227272727273
wings hiring,4.333333333333334
quickly informed,4.333333333333334
timely manner,4.333333333333334
group leader,4.333333333333334
demonstrated proficiency,4.333333333333334
fluent reading,4.333333333333334
establishment line,4.333333333333334
chemical,4.333333333333333
extraction steam,4.333333333333333
bachelors degree,4.3076923076923075
full time,4.285714285714286
business development,4.272727272727273
internal customers,4.266666666666667
quality products,4.265151515151516
proactive measures,4.25
technology investigation,4.25
technical requirement,4.25
indian citizen,4.25
daily reports,4.25
construction machineries,4.25
assist  guide,4.25
project risks,4.235294117647059
project phasing,4.235294117647059
technical evaluation,4.214285714285714
project work,4.208978328173375
carpentry works,4.2
inspection instruments,4.2
report directly,4.2
technical experience,4.19620253164557
relevant experience,4.19620253164557
products projects,4.181818181818182
multidisciplinary products,4.181818181818182
efficiently perform,4.1764705882352935
strong understanding,4.171717171717172
managing team,4.171428571428571
team technically,4.171428571428571
team members,4.171428571428571
mechanical set,4.168560606060606
heating systems,4.166666666666667
grade pay,4.166666666666667
ppm adherence,4.166666666666667
parts modifications,4.166666666666666
plasma research,4.166666666666666
basic mechanicalassembly,4.166666666666666
minimum time,4.160714285714286
lab equipment,4.157142857142857
perform work,4.150154798761609
shifting processes,4.142857142857142
evaluate maintenance,4.140625
food industry,4.133333333333333
additional qualification,4.125
layout drawings,4.125
create drawings,4.125
ga drawings,4.125
hand drawings,4.125
time study,4.119047619047619
customer requirements,4.111111111111111
depth knowledge,4.103448275862069
purchase manager,4.1
inspection & testing,4.1
time delivery,4.085714285714285
quality department,4.083333333333334
job title,4.08235294117647
job vacancy,4.08235294117647
job specifications,4.08235294117647
job requirements,4.08235294117647
hvac maintenance,4.069196428571429
job description,4.068067226890756
ensure deliveries,4.05
diploma graduation,4.05
ensure savings,4.05
production department,4.05
hardgoods production,4.05
strong knowledge,4.047892720306514
line experience,4.029535864978903
cutting listing,4.0
root blowers,4.0
positive attitude,4.0
dukhan fields,4.0
similar projects,4.0
verse awareness,4.0
ic engine,4.0
palamau district,4.0
emi shielding,4.0
desired profile,4.0
machine,4.0
vegetarian food,4.0
rotary feeder,4.0
committed dates,4.0
weld symbols,4.0
deliver planned,4.0
vernier caliper,4.0
regularly monitored,4.0
professionalengineer status,4.0
online registration,4.0
operational groups,4.0
extended duration,4.0
odm partner,4.0
safety guidelines,4.0
technically sound,4.0
ad merkblatter,4.0
safety register,4.0
helpdesk complaints,4.0
assistant professor,4.0
local liasoning,4.0
safety procedure,4.0
import transactions,4.0
idea generation,4.0
productively thrive,4.0
information relative,4.0
practices relating,4.0
60  aggregate marks,4.0
timely fashion,4.0
cooling towers,4.0
raise tqs,4.0
24th july 2015,4.0
stress analysis,4.0
refineries expansion,4.0
aware abt,4.0
hindupur factory,4.0
academic requirements,4.0
proactively identify,4.0
initial direction,4.0
conflict resolution,4.0
indira bridge,4.0
vibration analysis,4.0
accommodation provided,4.0
bop   mps,4.0
filters manually,4.0
scientist   engineersc,4.0
contractual opportunity,4.0
english languages,4.0
stays informed,4.0
urgent requirements,4.0
safety & cgmp,4.0
surface miners,4.0
english & hindi,4.0
feeder breakers,4.0
complete responsibility,4.0
glass wall,4.0
valid suggestions,4.0
odm partners,4.0
spoken english,4.0
advise stakeholders,4.0
continuously explore,4.0
projects status,4.0
quick pace,4.0
cutting profile,4.0
refirigeration & airconditioning,4.0
original certificates,4.0
division department,4.0
planned schedule,4.0
build strength,4.0
automobile,4.0
program risks,4.0
log books,4.0
kiln seals,4.0
complete projects,4.0
similar size,4.0
misses occurring,4.0
fast paced,4.0
expense control,4.0
moving vehicles,4.0
tooling requirements,4.0
monthly stipend,4.0
micro meter,4.0
saudi arabia,4.0
nec cec,4.0
storage tanks,4.0
tolerance analysis,4.0
business promotion,4.0
hse requirements,4.0
appointment & placement,4.0
adaptable decisive,4.0
raising indent,4.0
middle ease,4.0
global presence,4.0
institutes rules,4.0
class items,4.0
strategically source,4.0
transport vehicles,4.0
trouble shooting,4.0
fuses & breakers,4.0
feasibility studies,4.0
pneumatic circuits,4.0
steel structure,4.0
valves strainers,4.0
control description,3.9857142857142858
ob description,3.9857142857142858
project documentation,3.985294117647059
work productively,3.973684210526316
work closely,3.973684210526316
work orders,3.973684210526316
work methodologies,3.973684210526316
good hands,3.9722222222222223
selecting pumps,3.9375
project manager,3.935294117647059
preparing drawings,3.925
machining technology,3.916666666666667
equivalent materials,3.911764705882353
fabrication drawings,3.9027777777777777
validation testing,3.9
added advantage,3.9
tema standards,3.9
consultancy field,3.888888888888889
specialty field,3.888888888888889
electromechanical field,3.888888888888889
job location,3.882352941176471
qualification & documentation,3.875
site planning,3.8684210526315788
research manager,3.8666666666666663
customer requirement,3.861111111111111
job responsibilities,3.8601307189542484
complete monitoring,3.857142857142857
designs,3.857142857142857
ensure delivery,3.8499999999999996
project execution,3.835294117647059
reading schematics,3.8333333333333335
technical supervisors,3.833333333333333
basic pay,3.833333333333333
day basis,3.833333333333333
job requirement,3.8323529411764707
manage facilities,3.8095238095238093
bachelor degree,3.8076923076923075
assembly work,3.807017543859649
hydraulic routing,3.8
adf & clients,3.8
location chinchwad,3.8
posting location,3.8
production documentation,3.8
repair work,3.791866028708134
atleast 02 05 years,3.7894736842105265
5 years exp,3.7894736842105265
critical responsibilities,3.7777777777777777
key responsibilities,3.7777777777777777
work location,3.7736842105263158
basic knowledge,3.7701149425287355
structural components,3.769230769230769
standardized components,3.769230769230769
essential functions,3.75
type,3.75
documentation updation,3.75
urgent opening,3.75
documentation updating,3.75
updating documentation,3.75
highlighting follow,3.75
assist marketing,3.75
fire,3.75
report preparation,3.7333333333333334
broad understanding,3.7272727272727275
understanding abilities,3.7272727272727275
selected candidates,3.7272727272727275
maintain inventories,3.7142857142857144
maintain log,3.7142857142857144
solidworks preferred,3.7
marketing manager,3.7
working experience,3.6962025316455698
past experience,3.6962025316455698
extensive experience,3.6962025316455698
specialist experience,3.6962025316455698
experience working,3.6962025316455698
maintenance jobs,3.6923491379310347
team member,3.6714285714285713
work experience,3.6698867421718853
mnc client,3.666666666666667
sodexo   client,3.666666666666667
routine troubleshooting,3.666666666666667
acceptable disciplines,3.666666666666667
embed heating,3.666666666666667
procurement perspective,3.666666666666667
pay band3,3.666666666666667
target date,3.666666666666667
gross pay  48930,3.666666666666667
important kra,3.666666666666667
stp,3.6666666666666665
industry trends,3.6333333333333333
training & stipend,3.625
training comprises,3.625
existing drawings,3.625
training period,3.625
sound knowledge,3.603448275862069
sharing knowledge,3.603448275862069
complete knowledge,3.603448275862069
pneumatic knowledge,3.603448275862069
working knowledge,3.603448275862069
projects assigned,3.6
customers place,3.6
assigned responsibility,3.6
hydraulics application,3.6
fabrication technologies,3.5777777777777775
ensure closure,3.55
boq preparation,3.533333333333333
update drawings,3.525
date monitoring,3.5238095238095237
evaluate students,3.5
weldment assemblies,3.5
fluid mechanics,3.5
teaching bachelor,3.5
pressure vessels,3.5
track schedule,3.5
wide variety,3.5
hotel block,3.5
2 yrs exp,3.5
site working,3.5
site permit,3.5
updated resume,3.5
getter attitude,3.5
3  years experience,3.485676215856096
4 5 years experience,3.485676215856096
years experience,3.485676215856096
3 12 years experience,3.485676215856096
14 years experience,3.485676215856096
3 years experience,3.485676215856096
job openings,3.4823529411764707
api industry,3.466666666666667
educational qualification,3.458333333333333
software,3.4444444444444446
condensate pumps,3.4375
project costing,3.435294117647059
bms controls,3.428571428571429
apply online,3.428571428571429
controls department,3.428571428571429
tools,3.4285714285714284
provide,3.4
role category,3.4
plumbing projects,3.4
urgent openings,3.4
review,3.375
selection,3.3333333333333335
cable assembly,3.333333333333333
tasks  projects,3.333333333333333
primary purpose,3.333333333333333
boiler & utilities,3.333333333333333
part drawings,3.325
proven ability,3.3076923076923075
benchmarking ability,3.3076923076923075
ideal candidate,3.25
list requirement,3.25
asme,3.25
attractive salary,3.25
successful completion,3.25
experienced candidates,3.2272727272727275
dear candidates,3.2272727272727275
plastic,3.2222222222222223
experience needed,3.1962025316455698
year experience,3.1962025316455698
hvac technicians,3.178571428571429
minimal supervision,3.166666666666667
knowledge & preparation,3.1367816091954026
oil,3.125
company,3.125
engineer,3.121495327102804
equivalent knowledge,3.103448275862069
position status,3.1
external customers,3.1
preparing bill,3.085714285714286
working exposure,3.0769230769230766
water,3.0625
material,3.0416666666666665
manufacturing,3.0384615384615383
bsc,3.0
civil,3.0
scope,3.0
ppm schedules,3.0
successful candidate,3.0
alternate,3.0
fitters electricians,3.0
candidate requirement,3.0
graduate,3.0
checking,3.0
management,2.9473684210526314
activities,2.933333333333333
piping,2.9166666666666665
electrical,2.9166666666666665
tech,2.875
issues,2.875
skills,2.870967741935484
mechanical,2.835227272727273
engg,2.8333333333333335
system,2.8333333333333335
hvac plumbing,2.8285714285714283
supplier,2.8
autocad,2.8
developing,2.8
compliance,2.8
design,2.791304347826087
engineers,2.7777777777777777
15 engineers,2.7777777777777777
designing,2.75
power,2.727272727272727
plant,2.7142857142857144
approval,2.7142857142857144
communication,2.6923076923076925
direct,2.6666666666666665
order,2.6666666666666665
tool,2.6666666666666665
participate effectively,2.6666666666666665
person,2.6666666666666665
vendors,2.6666666666666665
meet,2.6666666666666665
equipment,2.657142857142857
maintenance,2.640625
facility,2.6
codes,2.6
lead,2.533333333333333
equipments,2.5238095238095237
adherence,2.5
techniques,2.5
office,2.5
solidworks,2.5
supervising,2.5
catia,2.5
trainee,2.5
systems,2.5
guide,2.5
regular,2.5
ppap,2.5
prototypes,2.5
technical,2.5
process,2.5
manpower,2.5
sheetmetal,2.5
prepare,2.4615384615384617
engineering,2.4464285714285716
packages,2.4285714285714284
materials,2.411764705882353
calculations,2.411764705882353
standards,2.4
processing,2.4
10 required,2.375
reliability,2.375
required,2.375
planning,2.3684210526315788
principles,2.3333333333333335
support,2.3333333333333335
visit,2.3333333333333335
hiring,2.3333333333333335
crushers,2.3333333333333335
resolve,2.3333333333333335
turbines,2.3333333333333335
performs,2.3333333333333335
degree,2.3076923076923075
hydraulic,2.3
time,2.2857142857142856
breakdown,2.272727272727273
development,2.272727272727273
daily,2.25
proactive,2.25
construction,2.25
project,2.235294117647059
written,2.2222222222222223
pro,2.2
develop,2.2
plan,2.2
application,2.2
inspection,2.2
products,2.1818181818181817
perform,2.176470588235294
team,2.1714285714285713
reviews,2.1666666666666665
research,2.1666666666666665
parts,2.1666666666666665
industry,2.1333333333333333
drawings,2.125
qualification,2.125
rotating,2.125
customer,2.111111111111111
quality,2.0833333333333335
job,2.0823529411764707
production,2.05
ensure,2.05
diploma,2.05
mnc,2.0
reports,2.0
word,2.0
india,2.0
operations,2.0
writing,2.0
laboratory,2.0
master,2.0
hand,2.0
pneumatic,2.0
www,2.0
freshers,2.0
bids,2.0
interested,2.0
machineries,2.0
institute,2.0
working,2.0
group,2.0
execute,2.0
performance,2.0
solve,2.0
instrument,2.0
verbal,2.0
business,2.0
utilities,2.0
complete,2.0
allowances,2.0
children,2.0
food,2.0
erection,2.0
safety,2.0
build,2.0
supply,2.0
analysis,2.0
machinery,2.0
projects,2.0
gandhinagar  382 428,2.0
implementing,2.0
transport,2.0
department,2.0
problems,2.0
desired,2.0
implementation,2.0
control,2.0
calculation,2.0
requirements,2.0
efficiently,2.0
electronics,2.0
interaction,2.0
completed,2.0
deliver,2.0
& analysis,2.0
skill,2.0
coordination,2.0
schedule,2.0
utility,2.0
description,1.9857142857142858
work,1.9736842105263157
pumps,1.9375
shift,1.9090909090909092
testing,1.9
advantage,1.9
field,1.8888888888888888
minimum,1.875
monitoring,1.8571428571428572
study,1.8333333333333333
bom,1.8333333333333333
assembly,1.8333333333333333
repair,1.8181818181818181
installation,1.8
technologies,1.8
preparing,1.8
location,1.8
clients,1.8
delivery,1.8
2 years,1.7894736842105263
years,1.7894736842105263
10 15 years,1.7894736842105263
5 years,1.7894736842105263
12 years,1.7894736842105263
6 7 years,1.7894736842105263
1 5  years,1.7894736842105263
10  years,1.7894736842105263
fabrication,1.7777777777777777
responsibilities,1.7777777777777777
components,1.7692307692307692
successful,1.75
assist,1.75
follow,1.75
documentation,1.75
technicians,1.75
reviewer,1.75
essential,1.75
lists,1.75
requirement,1.75
opening,1.75
understanding,1.7272727272727273
candidates,1.7272727272727273
maintain,1.7142857142857142
operation,1.7142857142857142
evaluation,1.7142857142857142
maintain 5,1.7142857142857142
manager,1.7
experience,1.6962025316455696
2 3 experience,1.6962025316455696
disciplines,1.6666666666666667
operate,1.6666666666666667
machining,1.6666666666666667
heating,1.6666666666666667
duties,1.6666666666666667
client,1.6666666666666667
date,1.6666666666666667
pay,1.6666666666666667
supervision,1.6666666666666667
contractor,1.6666666666666667
creation,1.6666666666666667
scale,1.6666666666666667
ppm,1.6666666666666667
troubleshooting,1.6666666666666667
procurement,1.6666666666666667
petrochemical,1.6666666666666667
important,1.6666666666666667
education,1.6666666666666667
training,1.625
knowledge,1.603448275862069
preferably,1.6
assigned,1.6
execution,1.6
customers,1.6
preparation,1.5333333333333334
updated,1.5
electricians,1.5
lab,1.5
needed,1.5
fitters,1.5
evaluate,1.5
schematics,1.5
dear,1.5
softwares,1.5
designer,1.5
sr,1.5
track,1.5
closure,1.5
external,1.5
tracking,1.5
equivalent,1.5
ordinate,1.5
presentation,1.5
cable,1.5
list,1.5
5 year,1.5
carpentry,1.5
assemblies,1.5
getter,1.5
completion,1.5
reduction,1.5
trends,1.5
experienced,1.5
minimal,1.5
block,1.5
existing,1.5
bachelor,1.5
condensate,1.5
routing,1.5
site,1.5
member,1.5
stores,1.5
pressure,1.5
yrs,1.5
tema,1.5
mechanics,1.5
variety,1.5
compressors,1.4285714285714286
apply,1.4285714285714286
controls,1.4285714285714286
hvac,1.4285714285714286
plumbing,1.4
openings,1.4
role,1.4
update,1.4
hydraulics,1.4
details,1.4
extraction,1.3333333333333333
boiler,1.3333333333333333
supervisors,1.3333333333333333
tasks,1.3333333333333333
schedules,1.3333333333333333
set,1.3333333333333333
purpose,1.3333333333333333
participate,1.3333333333333333
api,1.3333333333333333
effectively,1.3333333333333333
educational,1.3333333333333333
day,1.3333333333333333
ability,1.3076923076923077
bill,1.2857142857142858
candidate,1.25
salary,1.25
hands,1.2222222222222223
responsible,1.2142857142857142
preferred,1.2
part,1.2
costing,1.2
manage,1.1428571428571428
position,1.1
exposure,1.0769230769230769
jobs,1.0517241379310345
desirable,1.0
agitator,1.0
collaborate,1.0
school,1.0
admissible,1.0
specialties,1.0
specification,1.0
eco,1.0
supplies,1.0
perquisites,1.0
met,1.0
liaises,1.0
ranchi,1.0
e1,1.0
asset,1.0
fabricators,1.0
involve,1.0
reviewing,1.0
scheduling,1.0
travel,1.0
preferable,1.0
timelines,1.0
types,1.0
complexity,1.0
satisfied,1.0
gearbox,1.0
creo,1.0
ahus,1.0
break,1.0
filling,1.0
ro,1.0
assures,1.0
mastering,1.0
freq,1.0
compressor,1.0
disciplined,1.0
tackles,1.0
contact,1.0
extending,1.0
errors,1.0
assisting,1.0
incorporate,1.0
situations,1.0
versed,1.0
integrate,1.0
&ids,1.0
respond,1.0
mandatory,1.0
sofomation,1.0
wtp,1.0
terms,1.0
nature,1.0
poonamallee,1.0
participating,1.0
condenser,1.0
magnetics,1.0
initiative,1.0
telecommunications,1.0
doubts,1.0
worked,1.0
iv,1.0
ii,1.0
gd &,1.0
specialization,1.0
10yrs,1.0
principals,1.0
ownership,1.0
mentors,1.0
maximo,1.0
left,1.0
5s,1.0
casting,1.0
stpi,1.0
govt,1.0
html,1.0
deal,1.0
aspen,1.0
specific,1.0
cnc,1.0
bangalore,1.0
microprotol,1.0
sop,1.0
0 3yrs,1.0
expertise,1.0
desiging,1.0
negotiations,1.0
excel,1.0
holding,1.0
oragadam,1.0
focus,1.0
charge,1.0
emergencies,1.0
automobiles,1.0
din,1.0
die,1.0
assistance,1.0
transportation,1.0
box,1.0
chillers,1.0
incoming,1.0
modifying,1.0
ipr,1.0
pfds,1.0
handles,1.0
incidents,1.0
cab,1.0
irrungattukottai,1.0
maintanace,1.0
inputs,1.0
sustainability,1.0
designed,1.0
sc,1.0
coordinating,1.0
derive,1.0
monitor,1.0
isolations,1.0
mechanicalmaintenance,1.0
individually,1.0
en,1.0
eb,1.0
kras,1.0
reducing,1.0
mbr,1.0
dispatches,1.0
advance,1.0
pune,1.0
honest,1.0
open,1.0
commissioning,1.0
abnormalities,1.0
sap,1.0
exprerience,1.0
note,1.0
nebs,1.0
compress,1.0
paid,1.0
average,1.0
sigma,1.0
ordination,1.0
33 66 132 kv,1.0
dfma,1.0
boilers,1.0
summary,1.0
approvals,1.0
jh,1.0
fit,1.0
region,1.0
contract,1.0
characterization,1.0
robotics,1.0
dispatch,1.0
maintained,1.0
blenders,1.0
disclosed,1.0
case,1.0
eia,1.0
coupled,1.0
fluency,1.0
events,1.0
knowhow,1.0
trains,1.0
speed,1.0
setting,1.0
preference,1.0
gd&,1.0
world,1.0
suppliers,1.0
leadership,1.0
supervises,1.0
stations,1.0
serviceability,1.0
mixer,1.0
act,1.0
researching,1.0
accounts,1.0
strictly,1.0
draftsman,1.0
assitt,1.0
rubber,1.0
takewing,1.0
ansi,1.0
oral,1.0
movement,1.0
installations,1.0
pick,1.0
8 hrs,1.0
objectives,1.0
glad,1.0
retest,1.0
csa,1.0
iso,1.0
reflect,1.0
director,1.0
ff,1.0
remediation,1.0
lasers,1.0
release,1.0
motivated,1.0
propose,1.0
courses,1.0
measurement,1.0
http,1.0
driven,1.0
american,1.0
paint,1.0
kind,1.0
superior,1.0
command,1.0
etsi,1.0
electric,1.0
coordinate,1.0
deviations,1.0
automobileengineering,1.0
tpm,1.0
mechatronics,1.0
failed,1.0
columns,1.0
tendering,1.0
adheres,1.0
adhered,1.0
rfq,1.0
pneumatics,1.0
sez,1.0
close,1.0
familiarity,1.0
assistants,1.0
knowing,1.0
creating,1.0
succeed,1.0
likes,1.0
ensures,1.0
creativity,1.0
jamnagar,1.0
refrigeration,1.0
counselling,1.0
understand,1.0
prices,1.0
budget,1.0
welding,1.0
inverters,1.0
understating,1.0
contractors,1.0
& id,1.0
discipline,1.0
input,1.0
australia,1.0
big,1.0
submission,1.0
methods,1.0
back,1.0
describing,1.0
ecns,1.0
measurements,1.0
pes,1.0
deliverables,1.0
conversant,1.0
bs,1.0
ejectors,1.0
renewal,1.0
consultation,1.0
manufacture,1.0
trainees,1.0
initiator,1.0
posted,1.0
uk,1.0
uf,1.0
package,1.0
loyal,1.0
energetic,1.0
regulations,1.0
develops,1.0
chss,1.0
young,1.0
send,1.0
passion,1.0
automotive,1.0
relocate,1.0
involved,1.0
implement,1.0
staticpvlitemicroprotolcompressaspen,1.0
mechanicalengineer,1.0
pfd,1.0
train,1.0
iii,1.0
appointed,1.0
starter,1.0
creo2,1.0
tat,1.0
firefighting,1.0
vmc,1.0
mentioned,1.0
masters,1.0
kaizen,1.0
globe,1.0
btech,1.0
res,1.0
integrated,1.0
dprs,1.0
attending,1.0
ltc,1.0
grow,1.0
priority,1.0
shell,1.0
briefing,1.0
cranes,1.0
studying,1.0
mills,1.0
mis,1.0
accuracy,1.0
lectures,1.0
proceedings,1.0
agreed,1.0
keyskills,1.0
pvelite,1.0
ambiguity,1.0
thousands,1.0
jac,1.0
achieve,1.0
handle,1.0
familiar,1.0
2 times,1.0
tbd,1.0
extruders,1.0
hoses,1.0
married,1.0
taxes,1.0
creo 3,1.0
creo 2,1.0
heaters,1.0
phases,1.0
identification,1.0
qatar,1.0
spares,1.0
efficiency,1.0
demonstrate,1.0
maximize,1.0
respect,1.0
addition,1.0
ensuring,1.0
pdms,1.0
hardware,1.0
practice,1.0
phd,1.0
conceives,1.0
mech,1.0
mixers,1.0
domestic,1.0
thermodynamics,1.0
punctual,1.0
crusher,1.0
helpful,1.0
growth,1.0
liking,1.0
ambattur,1.0
carried,1.0
powerpoint,1.0
safrty,1.0
commitment,1.0
2 days,1.0
female,1.0
manufacturingvehicleproduction,1.0
recruiter,1.0
fertilizers,1.0
improving,1.0
ventilating,1.0
stay,1.0
eou,1.0
000,0
000   3,0
00,0
1 2,0
15600 39100,0
0,0
31 07 2015,0
1,0
2,0
11,0
10,0
13,0
12,0
15,0
14,0
16,0
3,0
5,0
6,0
25,0
22,0
7,0
8,0
4,0
9,0
&,0
5400,0
21000,0
