chemical Bio Tech Architectural,1,4
1 5 years,1,3
system design,1,2
project Enginers Mechanical / Chemical Job Description,1,7
procurement activity,1,2
sucesful completion,1,2
Autocad / Catia / Hypermesh / Pro E / Ansys / Unigraphics / Solidworks,1,14
Micro Meter,1,2
site planing,1,2
toling requirements,1,2
High Rise Residential / Comercial / Township /,1,8
Basic knowledge,1,2
Tower /Mobile Automatic Concrete,1,4
Technical Skils Esential,1,3
Inventor Preparation,1,2
Knowledge plate type heat exchanger design,1,6
time Manpower Planing,1,3
maintenance work,1,2
enginering CAD software,1,3
indor /outdor enclosures,1,3
10. Suplier sample aproval,1,4
Preparation /checking,1,2
proces workflow drawings,1,3
Weldment asemblies,1,2
Mechanical design enginer Forklift /Palet truck design Industry,1,8
Plant Mechanical Maint,1,3
"Pro /e 3.0, AutoCAD",1,4
Man hour estimate preparation,1,4
Suply Chain activities,1,3
Solidwork Projects Production,1,3
list requirement,1,2
31/07/2015 Urgent,1,2
Mechanical Piping Enginer Job Description Piping Enginering,1,7
HVAC Technicians,1,2
R &D Role Category :Enginering Design Role :Senior Design Enginer Keyskils Waste Water Treatmentefluent treatmentsewage treatmentetpwtpstpwaste wtpwaste etp,1,18
Gas Companies acros,1,3
Automation systems,1,2
"technicaly sound ,wil",1,3
Maintenance Schedule adherence,1,3
16. Visit,1,2
Select materials,1,2
Production documentation,1,2
check lists,1,2
4. Ensure Acident Fre Execution,1,5
products 7. Plan,1,3
products /projects,1,2
Equipment Safety,1,2
Civil Electrical Automobile Mechanical Desigen Enginer 9584152 Job Description,1,9
4. Working,1,2
Palamau District,1,2
Projects / Planing / Sales,1,5
Previous experience,1,2
heating systems,1,2
aded advantage Specialization,1,3
fiters /electricians Maintenance,1,3
Auto Components Maintenance Enginer Mechanical,1,5
cost efective maner Handles,1,4
fabrication technologies,1,2
Experience Bachelors degre,1,3
work productively,1,2
Bangalore Netbrains Consulting Solutions Pvt,1,5
Scientist / EnginerSC,1,3
codes viz,1,2
ESENTIAL FUNCTIONS,1,2
electronics manufacturing industry,1,3
project sites,1,2
Milk Procesing Industry operations,1,4
Supervising AMC vendors,1,3
Solid Works Experience Job Description,1,5
manufacturing ERP proceses,1,3
job Description 1.,1,3
injection molding proces Expertise,1,4
oil / petrochemical,1,3
Online Registration,1,2
Detail design,1,2
Excelent oportunity,1,2
Manufacturing procedures,1,2
Electrical malfunction,1,2
Equipment layouts,1,2
Prepare estimates,1,2
Balance Plant System enginering Knowledge Desired Profile Design Criteria,1,9
MS Ofice esential,1,3
Geter Atitude,1,2
specialty field,1,2
aproval proces,1,2
wastage entry,1,2
Mechanical design enginer Industrial automation Industry,1,6
Shift Enginer,1,2
principles Demonstrated proficiency,1,3
opto Mechanical,1,2
Mechanical Enginering Expert,1,3
B.Tech candidates,1,2
Services contracting procurements,1,3
B.E / DIPLOMA,1,3
Asistants Objectives,1,2
Senior Mechanical Enginer,1,3
Institutes rules,1,2
automobile Enginer Job Description,1,4
certificates Mechanical Enginer Job Description,1,5
heater packages,1,2
Jamnagar Qualification,1,2
operations Heavy construction Machineries /Equipments Cranes,1,6
Client Name,1,2
design requirements,1,2
Inter disciplines,1,2
Nitrogen packages,1,2
7. Cordinating,1,2
manufacturing Diploma Mechanical Enginers,1,4
Mechanical Design Modification,1,3
designs Institute inovative designs,1,4
Knowledge Column,1,2
folowing softwares,1,2
building prototypes,1,2
Mechanical Job Description,1,3
aded advantage Sr,1,3
Project work Asembly work,1,4
July 2015,1,2
validation testing,1,2
Ensure al tols,1,3
Vernier Caliper,1,2
Enginering Students,1,2
conveyors /fork,1,2
Maintenance team,1,2
Components 2. Preparing APQP,1,4
Site 8. Plant,1,3
R &D Design,1,3
Mechanical design calculations,1,3
parts modifications,1,2
project 12. Folow,1,3
proces equipments HVAC maintenance Fabrication bils,1,6
folow al HSE requirements,1,4
9. Mechanical Equipment,1,3
equipment erection works,1,3
Packages Job Description,1,3
Technical Mechanical Enginer,1,3
Thre year experience,1,3
report preparation Mechanical Enginer,1,4
al instalations,1,2
Mining equipment,1,2
Band 3,1,2
GD &T,1,2
mix Batching plant stone quary crushers,1,6
utility packages,1,2
heat transfer,1,2
design proces Experience,1,3
Bid Evaluations,1,2
Minimum 10 years,1,3
IC engine,1,2
Heat Treatment Furnace,1,3
use lasers,1,2
tasks / projects,1,3
Mechanical design review,1,3
Mechanical / Automobile / Aeronautical Enginers,1,6
vendor works,1,2
repair Mechanical,1,2
product asesment,1,2
supervision / Man power Planing,1,5
Mining equipments,1,2
scale projects Participate,1,3
Safety procedure,1,2
Automobile Eng Department Teaching Bachelor,1,5
Condensate Pumps,1,2
Gandhinagar 382 428,1,3
EHS Norms,1,2
Problem Tracking,1,2
field isues,1,2
"Pro E 4, Creo",1,4
MS Word format,1,3
Shift Enginer Mechanical Location Chinchwad,1,5
Team Center,1,2
/F cable,1,2
Past Experience,1,2
export house,1,2
Mechanical Reliability,1,2
Execute al work orders,1,4
"MECHANICAL DRAWING ,SHOP DRAWING",1,4
plastic materials,1,2
ob Description,1,2
Mechanical Enginers (0 3 yrs,1,5
/b Mechanical,1,2
Primary Purpose,1,2
3. Wil Work,1,3
BMS Controls,1,2
Marketing Manager,1,2
reactive maintenance,1,2
Mechanical Enginer (1 2) YRS,1,5
DPRs Mechanical Enginer,1,3
CAD tol,1,2
sucesful design,1,2
India /,1,2
Material handling / Conveyors /Fork,1,5
project risks,1,2
Candidate requirement,1,2
4 5 years experience,1,4
htp :/takewing Job Description,1,4
Cochin / Thrisur aply Sr.mechanical Enginer Job Description,1,8
Mechanical Enginers Company,1,3
Plastic manufacturing Proces knowledge,1,4
folowing thre disciplines,1,3
Industrial enginering,1,2
al types,1,2
Job Requirement Colaborate,1,3
P &IDs PFDs g,1,4
term projects,1,2
10. Knowledge,1,2
al fabrication drawings,1,3
cable asembly,1,2
projects status,1,2
Gas / Energy / Power / Infrastructure Functional Area :Enginering Design,1,11
god hands,1,2
Electro Mechanical Design,1,3
AutomobileEnginering Enginer Mechanical Job Description,1,5
sucesful candidate,1,2
NEC /CEC CSA,1,3
/electronic circuit functionality,1,3
sub asemblies,1,2
12. Vendor Management,1,3
Sodexo / Client,1,3
Auto Ancilary,1,2
hand calculations Hands,1,3
MNC Job Description,1,3
asigned responsibility,1,2
Feder breakers,1,2
Mechanical enginering,1,2
equivalent materials,1,2
job openings,1,2
enginering fundamentals,1,2
writen comunication skils,1,3
Time study,1,2
"CHS ), perquisites",1,3
water treatment,1,2
MEP technologies,1,2
Strong understanding,1,2
Real Estate sector,1,3
procesing machines,1,2
Job Kindly Email Us Fresher Mechanical Enginer Job Description,1,9
Sigma Mechanical Maintenance Enginer 2 3 Experience,1,7
5 S,1,2
Multidisplinary interface knowledge,1,3
Excelent comunication skils,1,3
Implementing al proactive measures,1,4
breakdown maintenance,1,2
aded advantage God comunication skils,1,5
Smal ofice environment,1,3
rate contacts,1,2
htp :/w carer.html,1,3
enginering tols,1,2
Control Plans metings 14. Measurement,1,5
understanding abilities,1,2
details f,1,2
E 1/ C,1,3
material requirement,1,2
New Pension Scheme,1,3
geting aproval,1,2
ned 5 Diploma Mechanical Enginers,1,5
presentation skils,1,2
Posting Location,1,2
Integrated M.Tech (5 years,1,4
Indira Bridge,1,2
technology investigation,1,2
wel verse awarenes,1,3
Piping isometric,1,2
MaintenanceMechanical Testingmaterials enginermechanical software testingAutomotive ElectronicsProduction Engineringmechanical EnginerAutomobile,1,8
air conditioning,1,2
DesignCustomer SuportSolid WorksMechanical EngineringTechnical Sales Enginer Projects,1,7
MEP BIM projects,1,3
Adaptable /decisive,1,2
Mechanical Enginers Inovative Cosnultants Job Description,1,6
Enginer / Reviewer,1,3
waste water plants,1,3
JOB SPECIFICATIONS i,1,3
equipment history,1,2
power systems solutions,1,3
Automobile Enginering,1,2
water treatment system,1,3
control enginers,1,2
design field,1,2
refineries expansion,1,2
coling system,1,2
2 years,1,2
actions Participate efectively,1,3
Graduate Mechanical / Piping Enginers,1,5
data shets,1,2
groups Excelent,1,2
D Designer Mechanical Enginering Technicians,1,5
Hotel Block,1,2
petrochemical plants,1,2
Insurance Scheme,1,2
/ B.Tech,1,2
"DOCUMENTATION ,REPORTS",1,2
Asist / guide,1,3
gas / power /other industry,1,5
creativity Able,1,2
customer suport responsibilities asociated,1,4
DC power systems experience,1,4
pig launcher / receiver design,1,5
Line experience,1,2
knowledge staticPVliteMicroprotolCompresAspen B JACstatic enginerstatic design enginerstatic mechanicalpresure vesel enginerstatic,1,10
shet metal / pres tol Machine maintenance,1,7
Vendor Invoicing 2.,1,3
Quality Parameters,1,2
2. Project Planing,1,3
standards Project Management,1,3
National Oil Company,1,3
research programs,1,2
repair neds,1,2
Hydraulic systems,1,2
"POWERPOINT ,EXCEL MUST.bachelor degre",1,4
atend breakdown,1,2
Enginer Mechanical Maintenance auto Component Manufacturing Team Member,1,8
Kiln Seals,1,2
servicing neds,1,2
Gas Turbines Fed Pumps,1,4
breakdown problem eficiently,1,3
Indian MNC Cochin,1,3
industry trends Perform,1,3
candidates visit,1,2
Industry West Bengal Job Description,1,5
asociated industries,1,2
utilities Vendor cordination Knowledge,1,4
specialist experience,1,2
Project stage,1,2
part drawings,1,2
Inspection Instruments,1,2
PM schedules,1,2
time bok alowance,1,3
aditional qualification,1,2
Saudi Arabia Job Description,1,4
Orthopedic Mechanical Design Enginer Hyderabad Job Description,1,7
vibration analysis,1,2
OTHER DUTIES,1,2
EN Software Skils Desired,1,4
sourcing exercises,1,2
Revit MEP Software,1,3
Steam Turbine,1,2
Fresh Mechanical Enginering Graduates,1,4
SafetyProject PlaningProject ExecutionEnvironmentMaintenance OperationsProject CostingProject DocumentationVendor ManagementConflict ResolutionManpower Management PC Mechanical Enginer Job Description,1,14
years experience,1,2
Rotary feder,1,2
Mechanical Softwares,1,2
Salary :Not,1,2
filters manualy,1,2
Condenser God Comunications Skils,1,4
Front Ofice Executive,1,3
themechanical design,1,2
vendor document review,1,3
Autodesk Inventor Shet metal,1,4
reading schematics,1,2
al kind,1,2
instrument air packages,1,3
value enginering proces,1,3
/Cost efective design,1,3
MS Ofice products,1,3
AS BUILT DRAWING,1,3
Component selection,1,2
team members Continuously,1,3
Senior Mechanical Enginer (hvac,1,4
ENG CO,1,2
ASME Y 14.5M standards,1,4
3 D CAD design software,1,5
Enginer atributes,1,2
Job Requirements Degre,1,3
4. Excelent Suplier relationship management,1,5
Strong knowledge,1,2
Mechanical Enginer Fire Fighting,1,4
Vacum Pumps,1,2
products 1. Co ordination,1,4
instalation works,1,2
Working Experience,1,2
Optical test equipment,1,3
water treatment equipment,1,3
Company website w.sofomation.com,1,3
Plumbing projects,1,2
steam generation,1,2
Plant water system,1,3
enginering subsystems,1,2
Automatic Samplers,1,2
proces &control enginers,1,3
part individualy,1,2
12 Years Asistant Profesor,1,4
Proces Industries h,1,3
Mechanical Enginer / Diploma Freshers,1,5
suplier APQP PAP aproval,1,4
Enginering Change Order,1,3
fabrication isues,1,2
master rom / Aproval,1,4
Mechanical Enginer / Diploma Holders Job Description,1,7
/ B.Sc,1,2
16. Transmision line folow,1,4
Critical Responsibilities Preparing,1,3
1. Manpower Management,1,3
/ B.Tech Mechanical Sr,1,4
quality standards,1,2
RESPONSIBILITIES Stays,1,2
Prepare reports,1,2
injection molding,1,2
folows B.E,1,2
log boks,1,2
Testing 1,1,2
Enginering Qualification BSc,1,3
multidisciplinary products,1,2
wel conversant,1,2
Project Execution,1,2
writen Team player,1,3
6 7 years,1,3
Extraction Steam,1,2
Transport Alowance,1,2
"Electrical ), BOQ preparation",1,4
reliability improvement design activities,1,4
God comunicator,1,2
B.EB.TechMechanicalelectricalmaintenanceMechanical TestingCad Pro EIndustrial InstrumentationProduction Manufacturing Mechanical Enginer Job Description,1,10
Helpdesk complaints,1,2
BOP / MPS,1,3
Purchase Enginer,1,2
design phase,1,2
suport compliance certification eforts,1,4
English comunication Job,1,3
PIONER MANAGEMENT CONSULTANTS,1,3
Recruiter Industry :Oil,1,3
equipment power,1,2
study B.E,1,2
3. Project Costing,1,3
10 yrs Esential,1,3
Pune Supervises,1,2
3 12 years experience,1,4
energy conservation initiatives,1,3
kep acurate records order equipment,1,5
god experience,1,2
Skil Levels High level proficiency,1,5
RESPONSIBILITIES Perform,1,2
Windchil / Pro Intralink,1,4
excelent control,1,2
Job Description Main Plant System Enginering,1,6
budget Proactively,1,2
breakdown analysis shet 5. Documentation updation,1,6
gas turbines,1,2
design reviews,1,2
recruitment company,1,2
purchase requisition,1,2
piping components,1,2
Contributory Health Service Scheme,1,4
piping codes,1,2
Quality Department,1,2
aproving executive layouts,1,3
Manufacturing Enginering / Design activities,1,5
designs Adheres,1,2
Mechanical Enginer / Shift Enginer,1,5
.) Maintenance,1,2
FMEA metings / Leader,1,4
visit client sites,1,3
American Co,1,2
BOM /,1,2
MTBF Timing,1,2
Heavy enginering Pro E Shetmetal,1,5
Aceptable disciplines,1,2
Tax Fre Company Benefits,1,4
Mechanical Minimum 2 years work experience,1,6
experience testing development products,1,4
data interfaces,1,2
plastic product design,1,3
manufacturing stage,1,2
fire Alarm ETP STP Blower HVACUtility Maintenance DG Sets Enginers,1,10
negotiation skils,1,2
Enginering Calculations,1,2
B.E /,1,2
Product design,1,2
production sites,1,2
3 D cad tols,1,4
vendor development,1,2
atractive salary,1,2
Piping Enginering,1,2
Physicists Mechanical Job Description,1,4
shet metal Keyskils AutoCADSolid Edge 2Design Engineringcreoproetolerance analysismechanical design Knowledge,1,10
procesing industry,1,2
Material handling / Conveyors /SPMs Machines /Pharmaceutical machines /Machine tols /Industrial Automation Job Requirements,1,14
machines Work,1,2
customer requirement 13. Participate,1,4
8 hrs,1,2
proactive maintenance plan,1,3
team technicaly,1,2
Heat Treatment Furnace Area,1,4
"Salary :2,0,0 3,25,0 P.A Industry :Industrial Products / Heavy Machinery Functional Area :Production",1,13
8. Work Experience,1,3
Marketing Enginer,1,2
9. Ensure savings,1,3
Junior staf,1,2
Structural design,1,2
Perform design calculation,1,3
Mechanical Designing,1,2
Main Plant Equipment,1,3
activities Experience,1,2
Electrical Enginers,1,2
self starter,1,2
(s Job Description Wel,1,4
experience 3 years experience,1,4
Production Quality Maintenance R,1,4
14 years experience API,1,4
Supervise services,1,2
al equipments,1,2
SolidWorks CAD software,1,3
maintenance Maintenance,1,2
Industrial equipments,1,2
cost reduction,1,2
Plant Maint,1,2
10 15 years,1,3
5 year,1,2
MNC Client,1,2
Ensure closure,1,2
breakdown maintenance activities,1,3
hardgods production Keyskils Cad CamManufacturing ProcesExport HouseMechanical Engineringmechanical manufacturinghardgods Proces Enginer,1,11
aset i,1,2
PumpsCompresorsmechnical maintenanceutility maintenanceHVACAHUColing TowersUtility Equipments Mechanical Enginer,1,7
job Description,1,2
standards viz,1,2
Mechanical Enginer Projects Job Description,1,5
P &IDs System,1,3
DETAIL DRAWING,1,2
injection systems,1,2
GA drawings,1,2
work output,1,2
High proficiency,1,2
place systems,1,2
cost estimation Tendering,1,3
Sample Transport,1,2
embed heating,1,2
atleast 02 05 years,1,4
Desired Profile,1,2
International standards,1,2
maintenance jobs,1,2
ProductionQualityMechanical Enginering Openings,1,3
implementation 3. Record problem,1,4
Qualified Mechanical / Piping Enginers Degre,1,6
Auto Desk Inventor shetmetal,1,4
Enginering Mechanical Enginering,1,3
Review Problem,1,2
10 Years Job Location,1,4
Enginer Mechanical Maintenance Machine Shop Job Description,1,7
Work planing,1,2
eng Vendor,1,2
(10) years,1,2
3 D models asembly,1,4
quality products,1,2
building repair,1,2
Product Launch Project Plan,1,4
Mechanical / Electrical,1,3
Division /Department Enginering Position Status,1,5
Electro Mechanical portion,1,3
shet metal,1,2
presure vesels,1,2
Keyskils Vacum PumpsBreakdown MaintenanceBlowersPneumaticsPreventiveCrusherMechanical MaintenanceExtruderMaintenance Activities NPD Enginer,1,8
TQM techniques,1,2
Senior Mechanical Enginer shal,1,4
maintenance / instalation,1,3
water tanks,1,2
equivalent knowledge,1,2
controls department B,1,3
Track Schedule Suport,1,3
test parts,1,2
production department,1,2
God Comunication Skils,1,3
Export House Job Description,1,4
FM Electrical,1,2
API Industry,1,2
Technical bid evaluation,1,3
machinery standards,1,2
Material Request,1,2
Agency /Regulation certification Mechanical,1,4
dispatches Asisting,1,2
gas turbine,1,2
right prices,1,2
comunication skils Electro,1,3
cost isues,1,2
Transmision lines,1,2
Research Enginer,1,2
HVAC /Plumbing,1,2
tol asembly,1,2
BOQ preparation,1,2
Medical Scheme facility,1,3
Purchase Manager,1,2
god comunication skils Product Enginer,1,5
M &E team,1,3
Provides expert advice,1,3
hand drawings,1,2
program risks,1,2
Import transactions,1,2
necesary suport,1,2
Laboratory equipments,1,2
Fre Transport facility,1,3
PC /Laptop Mechanical Design Review Prepare Test Samples,1,8
Maintenance department,1,2
procesing technology,1,2
problems 5. Establishment line,1,4
Power Plant,1,2
ETP / WTP Water,1,4
Plant Enginering Mechanical Enginer,1,4
grade waxe,1,2
Cement Erection Experience Job Description,1,5
ODM partners Review,1,3
PM activities,1,2
instruments Mechanical Design Enginer,1,4
Rotating Equipment,1,2
troubleshoting Experience,1,2
timelines Suports production activities,1,4
maintenance personel,1,2
stel structure,1,2
area Documentation,1,2
Feder Breakers,1,2
job Enginer Mechanical Static Job Description,1,6
plant design,1,2
8. Preparing,1,2
Diploma /Graduation,1,2
Mechanical Maintenance Enginer,1,3
comited dates,1,2
training period,1,2
MS Windows environment Desired,1,4
Enginer /sr Enginer purchase,1,4
Orthopedic Mechanical Design Enginer,1,4
verification testing,1,2
3/6/132 KV SUB STATIONS,1,4
Project Documentation,1,2
TBD Perform work,1,3
PM adherence,1,2
water piping,1,2
stage anf,1,2
skils God comunication skils,1,4
Layout drawings,1,2
Control Description,1,2
Average com skils,1,3
procurement perspective,1,2
API Industry Job Description Proces equipments maintenance Vacum Pumps servicing Qualification,1,11
improvement activities,1,2
material requisition,1,2
Quality department,1,2
expense control,1,2
suplier Audit,1,2
EMI shielding,1,2
Broad understanding,1,2
fashion Plan,1,2
stores management,1,2
plastic components,1,2
India Development Center,1,3
execution stage,1,2
handling multi party vendors,1,4
emergency solutions,1,2
AD Merkblater,1,2
DFM /DFA,1,2
plant operation,1,2
Canten facilities,1,2
manufacturing /Industrial Automation Job Requirements,1,5
B.tech Mechanical Civil Elec,1,4
Day basis,1,2
Highlighting folow,1,2
target date,1,2
Design Enginer,1,2
team environment,1,2
repair 2.,1,2
2 yrs exp,1,3
maintenance Knowledge,1,2
English languages,1,2
parts lists,1,2
General Arangement Drawings Technical Reports,1,5
al phases,1,2
Degre / Diploma Mechanical Experience,1,5
5. EHS Responsibilities Adherence,1,4
Metal materials Design metal,1,4
project management,1,2
Pro /E,1,2
Analyze vendor ofer,1,3
enginering utilities,1,2
equipment Graduate Mechanical Enginer Job Description,1,6
loking freshers,1,2
disipation calculations Experience,1,3
Indian citizen,1,2
work alocation,1,2
execution Managing team,1,3
Microsoft ofice,1,2
Lab Equipment,1,2
excelent cordination,1,2
mining standards Enginer Mechanical Job Description Degre / Diploma,1,9
Maintenance Role Category :Production Role :Industrial Enginer Keyskils Mechanical MaintenanceTrainediploma traine enginer.diploma,1,12
Enginer Mechanical Job Description,1,4
10 Countries,1,2
ODM Partner Mechanical design,1,4
display panels,1,2
Hindupur Factory Job Description,1,4
Electromechanical field,1,2
3 D environment,1,3
product designs,1,2
site Mechanical Enginer,1,3
TEMA standards,1,2
Project / Site Enginer,1,4
1. Resolve,1,2
enginering degre,1,2
efective learner,1,2
Mechanical Design Enginer Hydraulic Job Description,1,6
problems IV,1,2
Reputed Machine Manufacturing Company Job Description,1,6
enginer Job Description,1,3
storage tanks,1,2
breakdown analysis / FA,1,4
Mechanical / piping Enginer Job Description,1,6
curent distribution,1,2
inspection reports Multi,1,3
SolidWorks prefered,1,2
stores Update,1,2
Lead Enginer Mechanical Rotating,1,4
Creo 2,1,2
equipment / facilities,1,3
Qatar Job Description,1,3
infrastructure components,1,2
Ful Time Location,1,3
Lead Mechanical Enginer Mining Equipment Design Job Description,1,8
work planing Knowledge,1,3
management components,1,2
Hydrocarbon Construction sector,1,3
Hydraulic System design,1,3
description 1. Vendor development activity,1,5
Display panel,1,2
1. God comunication,1,3
Test Results,1,2
enginering suport,1,2
component re use,1,3
shift enginer,1,2
customer til end,1,3
maintenance EngineringMechanical MaintenanceMaintenance,1,3
India Hands,1,2
projects Maintenance EngineringMechanicalelectrical Service Enginer,1,5
ProfesionalEnginer status,1,2
resource alocation /deployment,1,3
Understands project life cycle,1,4
Pune Job Description,1,3
F Block,1,2
tube type heat exchangers,1,4
power suply,1,2
design teams,1,2
Diploma Mechanical / Automobile,1,4
Gandhinagar Highway Bhat,1,3
Environment Norms,1,2
maintenance activities,1,2
Eficient utilisation,1,2
conduct Pre bid,1,3
God comunication skils,1,3
recomends solutions,1,2
degre inMechanical Enginering,1,3
Qatar Salary,1,2
Hydraulic circuit design,1,3
sub systems,1,2
depth knowledge,1,2
Dear candidates,1,2
details drawings,1,2
Mechanical Enginer Job Responsibilities,1,4
Quality Inspection work location,1,4
construction machineries,1,2
water treatment systems,1,3
India Mechanical Enginers / Maintenance / Industrial Enginer Job Description,1,10
project execution Quality check projects,1,5
neded Drive,1,2
gas profesionals acros,1,3
Ned someone,1,2
Ensuring al,1,2
project work,1,2
Mechanical Enginer Experience aplying electro,1,5
Industrial Compresors 4. Co ordinate,1,5
manufacturing drawings,1,2
Fed Water,1,2
Dukhan Fields,1,2
MECHANICAL HAVING 1,1,3
data colection,1,2
trade persons,1,2
aplying principles,1,2
Co ordinate maintenance eforts,1,4
aplies inovative technologies,1,3
display panel equipment,1,3
Equipment GA,1,2
folowing department,1,2
Ranchi Job Description,1,3
M &E,1,2
Plasma Research,1,2
6. Knowledge,1,2
Hydraulic system,1,2
Air Conditioning,1,2
Technical Specifications,1,2
tolerance analysis Knowledge,1,3
design basis report,1,3
supervision CAD designer /enginer,1,4
skiled maintenance,1,2
"ID ,PFD Equipment GA",1,4
2 times,1,2
work methodologies Graduate Mechanical Enginer,1,5
Prefered Knowledge,1,2
Ready work,1,2
AutoCAD Experience,1,2
PR PO conversions,1,3
Poses Electro Mechanical Experience,1,4
Material Selection /Properties,1,3
benchmarking ability,1,2
2. Wil,1,2
Autocad Design Enginer / Solidworks Enginer Qualification,1,7
ElectricalsMechanical EngineringErectionPersonal SkilsInterpersonal SkilsProblem Solvingcement erectionmechanical enginersolving enginersolving mechanicalcustomer management Mechanical Enginer,1,12
Manufacturing / Enginering Unit intoMechanical Maint handling,1,7
Plant Operation,1,2
knowledge al tol,1,3
Job Title,1,2
GATE 2015,1,2
c clas items,1,3
Senior Mechanical,1,2
job oportunities,1,2
Heater Drains,1,2
BOM Exposure,1,2
god comunication,1,2
fabrication Suport enginering activities,1,4
Opto Mechanical production lines Experience,1,5
Validate equipment design,1,3
Senior Enginer,1,2
design cordination Knowledge,1,3
15 enginers Experience,1,3
Weld symbols Familiarity,1,3
Serial Production,1,2
PROCES ENGINERING,1,2
Educational Qualification,1,2
test reports Wiling,1,3
Main steam / Hot Reheat / Cold Reheat,1,8
Qatar Position,1,2
Gas Automobile,1,2
CAD Technician,1,2
Children Education Alowances,1,3
transport vehicles,1,2
service delivery,1,2
university degre,1,2
Conduct training clases,1,3
Aply Job Description,1,3
enginers / clients,1,3
power generation,1,2
job Vacancy,1,2
Asembly automation,1,2
fire safety standards AUTOCAD,1,4
cGMP HVAC,1,2
tech Robotic Systemz Ltd Job Description,1,6
Rot Blowers,1,2
Research Manager,1,2
vendors 3. Preparing Proto type sample,1,6
development stage,1,2
writen skils,1,2
Mechanical Maintenance,1,2
Carpentry works,1,2
manufacturing environment,1,2
Diploma Mechanical Eng,1,3
Feasibility Studies,1,2
controls department Design Enginer Mechanical Job Description,1,7
AMC vendors,1,2
ned Diploma,1,2
"Creo 2, Creo 3 Auto Mechanic / Mechanical Enginer East Africa Job Description",1,13
Key Responsibilities,1,2
New product Development,1,3
Mechanical Mechanical Enginer Aligarh Muslim University Desirable,1,7
Technical Supervisors,1,2
aproductive plant,1,2
gas projects,1,2
Reviewer Aded advantage,1,3
Electromechanical systems,1,2
development proceses,1,2
system level calculations,1,3
2 days,1,2
Mechanical maintenance,1,2
complexity Mechanical Enginer Candidate,1,4
BD Los time,1,3
1560 3910),1,2
Concept Design,1,2
handling air colers,1,3
eficient management,1,2
experience neded,1,2
Design Enginer Mechanical Job Description,1,5
date monitoring,1,2
implementation 6. Research,1,3
Reliability Enginer,1,2
/ Statutory Norms,1,3
mechanisms /palet trucks,1,3
Technical Bids,1,2
log bok 4.,1,3
Mechanical CAD Enginer Educad,1,4
Job Description 1. Strategicaly source,1,5
duty time fod,1,3
Dear Al,1,2
Project Stage,1,2
Busines Research Busines Development International Marketing Purchase,1,7
5 YEARS EXP,1,3
Undertaking manpower planing,1,3
13. Conflict Resolution,1,3
Aspen B JAC,1,3
manufacturer standards,1,2
Related Studies Minimum,1,3
Busines Promotion Design,1,3
Equipment Utilization,1,2
Maintanace ob Description,1,3
Technician / Contractor Technician,1,4
valves strainers,1,2
7. Experience,1,2
5. Prepare proposal drawings 6. Asist marketing,2,7
2. Conduct DFMEA,2,3
sound knowledge,2,2
automation Job Description,2,3
customers 4. Design calculations,2,4
fluid mechanics,2,2
imediate corective action,2,3
acuracy Asures,2,2
job title,2,2
Mechanical Enginer Job Description,2,4
Concept design,2,2
situations 7. Prepare design layouts,2,5
Cuting profile,2,2
8. Guide smal team,2,4
conduct design reviews,2,3
3 D,2,2
hydraulics aplication,2,2
god Team Player,2,3
lists .); Preparation,2,3
designs inovative materials handling solutions,2,5
Consultancy Field,2,2
material proceses,2,2
works management,2,2
al design criteria,2,3
shop flor,2,2
group leader,2,2
Mechanical Design Enginer,2,3
facility rounds,2,2
writen plans,2,2
Preventive maintenance activity,2,3
Stres Analysis,2,2
Raw Material,2,2
DAP proces,2,2
personel problems,2,2
proces plant,2,2
stres analysis,2,2
pneumatics Hands,2,2
cuting Listing,2,2
customer management,2,2
control systems,2,2
repair work,2,2
1. Conduct aplication study,2,4
customers Exposure,2,2
Senior Reliability Enginer,2,3
product performance,2,2
prioritize team interaction,2,3
machine maintenance / repair,2,4
al projects asigned,2,3
Indian standards,2,2
materials handling solutions Reviews al design work,2,7
2 D,2,2
Mechanical Design Enginer Job Description,2,5
Machining Technology,2,2
Surface Miners,2,2
enginering liaison betwen ADF,2,4
Fod Industry,2,2
al projects,2,2
Solid Works,2,2
stres calculations,2,2
incidents /near mises ocuring,2,4
component selection Performs,2,3
manufacturing proceses,2,2
design proposals Exposure,2,3
Provides counseling,2,2
Mechanical Enginers Job Description,2,4
60 agregate marks,2,3
Enginer Mechanical Maintenance,2,3
management ); Corect manufacturing isues,2,5
design 3. Obtain design aproval,2,5
aprove material substitutions,2,3
Other Qualification Degre,2,3
Manage al,2,2
1. Prepare design concepts,2,4
Solid Edge,2,2
customer requirements,2,2
team personel,2,2
condition monitoring,2,2
3 years experience,2,3
Production Manufacturing,2,2
glas wal,2,2
Shet metal,2,2
Ensuring al safety guidelines,2,4
team members,2,2
Analytical ability,2,2
3 D software Autocad,2,4
customers place 12. Co ordinate,2,5
International asignments,2,2
al materials,2,2
Candidate neds,2,2
materials 10. Suport,2,3
output levels,2,2
Reports al,2,2
",preparing bil",2,2
GA layouts,2,2
time delivery,2,2
design enginers 9. Prepare,2,4
GD,3,1
conduct,3,1
protection,3,1
Shet,3,1
Chiler,3,1
travel,3,1
Civil,3,1
order,3,1
Requirements,3,1
ventilation,3,1
Transport,3,1
Urgent,3,1
master,3,1
B,3,1
Edge,3,1
VMC,3,1
principle,3,1
Bil,3,1
heating,3,1
initiative,3,1
panel,3,1
maner,3,1
air,3,1
Inventor,3,1
Institute,3,1
Vacum,3,1
layout drawings,3,2
note,3,1
Extraction,3,1
MNC,3,1
heat,3,1
material handling equipments,3,3
acuracy,3,1
High,3,1
Participate,3,1
cordinate,3,1
trouble,3,1
Kaizen,3,1
bok,3,1
Marketing,3,1
designer,3,1
STP,3,1
date,3,1
data,3,1
WTP,3,1
Minimum,3,1
place,3,1
Detail,3,1
test,3,1
B.Tech,3,1
plastic,3,1
Crusher,3,1
12,3,1
Main,3,1
/pump,3,1
injection,3,1
Educational,3,1
Provide,3,1
reading,3,1
MEP,3,1
Calculations,3,1
traine,3,1
trouble shoting,3,2
instrument,3,1
output,3,1
respect,3,1
utility equipments,3,2
Purpose,3,1
CNC,3,1
sound,3,1
water systems /pumps,3,3
condition,3,1
AHU,3,1
Documentation,3,1
Concept,3,1
Evaluation,3,1
enginerstatic,3,1
company,3,1
Coling Towers,3,2
necesary,3,1
Norm,3,1
Opening,3,1
responsibility,3,1
turbine,3,1
someone,3,1
yr,3,1
erection,3,1
generation,3,1
asignment,3,1
Evaluate,3,1
Report,3,1
EN,3,1
Fre,3,1
automobile,3,1
Power,3,1
self,3,1
Responsible Enginer,3,2
caried,3,1
Ofice,3,1
Service,3,1
Lead Enginer,3,2
AutoCAD,3,1
Towers,3,1
RESPONSIBILITIES,3,1
fire,3,1
KRA,3,1
Software,3,1
Expertise,3,1
Mechanical ventilation systems,3,3
Qatar,3,1
Maint,3,1
contractor,3,1
input,3,1
Coling,3,1
bid,3,1
consultation,3,1
Asist,3,1
ofice,3,1
P,3,1
inspection,3,1
troubleshoting,3,1
Ensuring,3,1
shoting,3,1
1,3,1
Salary,3,1
Works,3,1
Previous,3,1
god writen,3,2
eficient,3,1
R,3,1
Oil,3,1
Fabrication,3,1
Heavy,3,1
Area,3,1
Study,3,1
Purchase,3,1
diploma,3,1
proficiency,3,1
Fire protection systems,3,3
Ability,3,1
Pro E,3,2
construction,3,1
Fresher,3,1
Mining,3,1
Busine,3,1
inovative,4,1
mechanic,4,1
stre,4,1
sucesful,4,1
Control,4,1
India,4,1
Reliability,4,1
eficiently,4,1
suplier,4,1
team player,4,2
Auto,4,1
Water,4,1
electro,4,1
Gas,4,1
performance,4,1
System,4,1
fod,4,1
Shift,4,1
level,4,1
cost,4,1
MS,4,1
Automation,4,1
design calculations,4,2
compresor,4,1
folowing,4,1
prefered,4,1
Client,4,1
proactive,4,1
Role,4,1
god understanding,4,2
Location,4,1
Creo,4,1
efective,4,1
oil,4,1
Excelent,4,1
Plastic,4,1
treatment,4,1
Operation,4,1
International,4,1
equivalent,4,1
folow,4,1
log,4,1
ordinate,4,1
Bachelor,4,1
reliability,4,1
manager,4,1
smal,4,1
Sr,4,1
documentation,4,1
Eng,4,1
circuit,4,1
Indian,4,1
Responsibilitie,4,1
Problem,4,1
plan,4,1
Plan,4,1
guide,4,1
material selection,4,2
person,4,1
Mechanical Enginers,4,2
discipline,4,1
Management,4,1
line,4,1
Reviewer,4,1
code,4,1
procesing,4,1
Scheme,4,1
ASME,4,1
corective,4,1
interaction,4,1
quality,4,1
Electro,4,1
Development,4,1
12.,4,1
PM,4,1
Compresor,4,1
multi,4,1
suport,4,1
Product,4,1
member,4,1
automation,4,1
procurement,4,1
position,4,1
detail,4,1
project manager,4,2
exposure,4,1
GA,5,1
10.,5,1
study,5,1
aded advantage,5,2
type,5,1
9.,5,1
Manage,5,1
player,5,1
Proce,5,1
environment,5,1
English,5,1
asigned,5,1
monitoring,5,1
Graduate,5,1
Research,5,1
improvement,5,1
Desired,5,1
DRAWING,5,1
hydraulic,5,1
evaluation,5,1
Conduct,5,1
cro,5,1
gas,5,1
bil,5,1
Fire,5,1
Solidwork,5,1
aply,5,1
Solid,5,1
Machine,5,1
Technician,5,1
proposal,5,1
shet,5,1
stage,5,1
aplication,5,1
Industrial,5,1
.),5,1
ned,6,1
Automobile,6,1
report,6,1
comisioning,6,1
B.E,6,1
Responsible,6,1
Manager,6,1
Preparing,6,1
5.,6,1
API,6,1
Suport,6,1
group,6,1
training,6,1
HVAC,6,1
10,6,1
supervision,6,1
Work,6,1
pump,6,1
duty,6,1
6.,6,1
Degre,6,1
Asembly,6,1
BOM,6,1
industry,6,1
list,6,1
compliance,6,1
action,6,1
piping,6,1
7.,6,1
fabrication,6,1
Position,6,1
asembly,6,1
department,6,1
personel,6,1
8.,6,1
Autocad,6,1
Review,6,1
cordination,6,1
Piping,6,1
Company,6,1
Vendor,6,1
schedule,6,1
delivery,6,1
Keyskil,6,1
Co,6,1
Site,6,1
solution,7,1
Perform,7,1
preparation,7,1
metal,7,1
Mechanical Enginer,7,2
client,7,1
E,7,1
shift,7,1
review,7,1
Team,7,1
technology,7,1
Pump,7,1
Qualification,7,1
package,7,1
degre,7,1
field,7,1
CAD,7,1
Senior,7,1
operation,7,1
aproval,7,1
Planing,7,1
God,7,1
development,7,1
3.,7,1
procese,7,1
4.,7,1
machine,8,1
production,8,1
Preparation,8,1
Mechanical Enginering,8,2
Ensure,8,1
Job Description,8,2
aded,8,1
facility,8,1
execution,8,1
power,8,1
2.,8,1
safety,8,1
Quality,8,1
Hydraulic,8,1
selection,8,1
wel,8,1
isue,8,1
software,8,1
utility,8,1
Lead,9,1
layout,9,1
testing,9,1
vendor,9,1
Candidate,9,1
breakdown,9,1
5,9,1
writen,9,1
Hands,9,1
Technical,9,1
Electrical,9,1
Exposure,9,1
Industry,10,1
advantage,10,1
understanding,10,1
analysis,10,1
Pro,10,1
Production,10,1
tol,11,1
D,11,1
Skil,11,1
ability,11,1
instalation,11,1
Plant,11,1
Prepare,11,1
part,11,1
repair,11,1
Material,11,1
job,11,1
proce,12,1
comunication,12,1
hand,12,1
water,12,1
planing,12,1
Manufacturing,12,1
manufacturing,13,1
1.,13,1
time,13,1
plant,13,1
component,14,1
handling,14,1
management,14,1
Equipment,14,1
control,14,1
standard,15,1
2,15,1
site,15,1
Diploma,15,1
calculation,16,1
enginer,17,1
candidate,17,1
product,17,1
activity,17,1
year,18,1
problem,18,1
customer,19,1
Project,20,1
god,21,1
requirement,21,1
drawing,22,1
enginering,23,1
skil,23,1
3,23,1
knowledge,26,1
Maintenance,27,1
Enginering,30,1
material,30,1
Knowledge,32,1
team,32,1
Experience,32,1
Design,32,1
work,35,1
al,36,1
maintenance,36,1
system,39,1
equipment,41,1
project,46,1
experience,47,1
Jobs,56,1
Description,69,1
Job,74,1
/,75,1
design,89,1
Enginer,115,1
Mechanical,142,1
