engin,139
mechan,138
design,95
mainten,56
work,47
project,47
equip,43
product,38
mechan engin,37
experi,36
requir,32
system,31
skill,30
draw,29
industri,27
manufactur,27
technic,25
process,25
materi,24
plan,23
manag,23
plant,22
engin mechan,22
prepar,21
knowledg,20
team,19
job,19
good,18
develop,18
year,17
mechan design,17
standard,17
activ,16
time,16
problem,16
calcul,15
perform,15
intern,15
test,15
relat,15
pump,15
design engin,15
vendor,15
water,14
machin,14
control,14
electr,14
detail,14
2,13
cad,13
handl,13
ga,13
compon,13
tool,12
3,12
review,12
document,12
assembl,12
hydraul,12
diploma,12
respons,11
mechan mainten,11
senior,11
power,11
5,11
candid,11
packag,11
ensur,11
commun,11
qualiti,11
supervis,10
report,10
complet,10
oper,10
ani,10
execut,10
site,10
util,10
custom,10
softwar,10
pipe,10
evalu,10
provid,9
select,9
support,9
prevent,9
cost,9
automobil,9
analysi,9
breakdown,9
includ,9
mechan design engin,9
auto,9
lead,9
client,8
tech,8
10,8
servic,8
electro,8
oil,8
heat,8
plastic,8
degre,8
field,8
follow,8
compani,8
solv,8
understand,8
solid,8
electro mechan,8
repair,8
maintain,8
technolog,8
1,8
approv,8
hvac,8
reliabl,8
environ,7
metal,7
layout,7
qualif,7
fabric,7
check,7
excel,7
shift,7
instal,7
sheet,7
research,7
depart,7
safeti,7
part,7
schedul,7
coordin,7
appli,7
train,7
facil,7
autom,7
monitor,7
transport,7
materi handl,7
function,7
conduct,6
studi,6
ms,6
updat,6
offic,6
compressor,6
involv,6
design calcul,6
strong,6
prefer,6
posit,6
pro,6
variou,6
engin mechan mainten,6
improv,6
solid work,6
autocad,6
treatment,6
project plan,6
effici,6
effect,6
solut,6
fire,6
engg,6
machineri,6
person,6
3d,6
meet,6
high,6
issu,6
technician,6
locat,6
written,6
stage,6
profici,5
year experi,5
abil,5
supplier,5
senior mechan,5
type,5
diploma mechan,5
commun skill,5
erect,5
hand,5
action,5
thi,5
condit,5
civil,5
6,5
role,5
turbin,5
bom,5
graduat,5
group,5
line,5
plumb,5
duti,5
pay,5
instrument,5
manpow,5
inspect,5
complianc,5
code,5
list,5
assign,5
5 year,5
4,5
food,5
7,5
build,5
8,5
proactiv,5
pneumat,5
9,5
bid,5
estim,5
api,5
problem solv,5
sheet metal,5
multi,5
purchas,5
direct,4
pipe engin,4
fresher,4
order,4
correct,4
propos,4
busi,4
12,4
steam,4
basic,4
lead engin,4
auto cad,4
air,4
complex,4
boiler,4
specif,4
daili,4
concept,4
level,4
water treatment,4
gener,4
market,4
product manufactur,4
multipl,4
sr,4
multi disciplinari,4
design review,4
minimum,4
open,4
prevent mainten,4
15,4
track,4
onli,4
innov,4
oil ga,4
disciplinari,4
senior mechan engin,4
assist,4
deliveri,4
engin design,4
area,4
descript,4
small,4
procur,4
desir,4
project execut,4
detail design,4
heavi,4
asm,4
construct,4
scheme,4
adher,4
consult,4
equival,4
guid,4
salari,4
solidwork,4
suppli,4
shift engin,4
conveyor,4
date,4
sampl,4
good commun,4
electron,4
pleas,4
static,4
mechan system,4
mainten engin,4
work experi,4
english,4
initi,4
personnel,4
crusher,4
success,4
rotat,4
tema,4
dure,4
implement,4
mnc,3
vacuum pump,3
player,3
detail draw,3
india,3
travel,3
engin diploma,3
befor,3
concept design,3
creo,3
mechan equip,3
free,3
intern code,3
mechan pipe engin,3
master,3
mine,3
solv skill,3
electromechan,3
phase,3
reliabl engin mechan,3
place,3
team player,3
senior reliabl,3
equip requir,3
blower,3
lift,3
ii,3
applic,3
plu,3
mechan automobil,3
ppm,3
opportun,3
manufactur process,3
exist,3
maint,3
cool,3
job titl,3
electro mechan design,3
problem solv skill,3
visit,3
bill,3
petrochem,3
data,3
stress,3
materi select,3
sc,3
scale,3
main,3
en,3
principl,3
inventor,3
11,3
14,3
hydraul system,3
deliv,3
sale,3
shop,3
cross function,3
interperson,3
analyt,3
import,3
shift engin mechan,3
contract,3
project manag,3
pharmaceut,3
tower,3
cabl,3
industri engin,3
inject,3
export hous,3
mainten activ,3
heater,3
valid,3
condens,3
ansi,3
reliabl engin,3
norm,3
veri,3
hous,3
sourc,3
thermal,3
cross,3
troubleshoot,3
ga turbin,3
qualifi,3
circuit,3
stp,3
equip design,3
certif,3
set,3
close,3
particip,3
bachelor,3
educ,3
read,3
handl equip,3
optic,3
vacuum,3
contractor,3
product design,3
senior reliabl engin,3
resolv,3
qatar,3
regular,3
materi handl equip,3
institut,3
verbal,3
titl,3
ds,3
layout draw,3
industri autom,3
indian,3
ga layout,3
00,3
disciplin,3
measur,3
engineerstat,3
disciplinari team,3
attend,3
essenti,3
2015,3
day,3
mep,3
multi disciplinari team,3
structur,3
practic,3
hire,3
interperson skill,3
statu,3
chemic,3
etp,3
pump compressor,3
defin,3
inform,3
export,3
product qualiti,3
mechan pipe,3
breakdown mainten,3
log,3
involv travel,2
system design,2
good understand,2
process equip,2
conveyor sp ms,2
risk,2
job titl mechan,2
previou,2
function team,2
engin mechan engin,2
transmiss,2
recommend,2
shoot,2
product manufactur mainten,2
word,2
auto compon,2
negoti,2
microprotol compress aspen,2
demonstr,2
inventori,2
daili work manag,2
oper mainten,2
heat treatment,2
conflict,2
extract,2
onlin,2
type heat exchang,2
estim time,2
rais,2
grade,2
independ,2
wast,2
pressur,2
util equip,2
role categori,2
fitter,2
experi skill,2
ordin,2
vendor manag,2
16,2
method,2
book,2
continu,2
mandatori,2
result,2
expertis,2
awar,2
technic skill,2
wtp,2
extend,2
ww,2
cut,2
countri,2
plant system engin,2
engineersolv,2
panel,2
speak,2
engin purchas,2
interest,2
api industri,2
tank,2
static equip,2
gandhinagar,2
suggest,2
make,2
sp ms,2
design design,2
east,2
electr electron,2
attitud,2
dear,2
specialti,2
microprotol,2
inject mold,2
profession,2
creativ,2
fight,2
avail,2
fork,2
creation,2
process industri,2
refriger,2
materi handl conveyor,2
urgent,2
custom requir,2
mold,2
microprotol compress,2
tech mechan,2
bid evalu,2
middl,2
0,2
instal oper,2
staff,2
ms offic,2
modif,2
civil electr,2
mechan design review,2
ipr,2
mobil,2
post,2
handl solut,2
criteria,2
scope,2
manpow plan,2
system engin,2
prototyp,2
effort,2
mechan maint,2
manufactur mainten,2
manpow manag,2
analyt problem,2
write,2
commit,2
treatment furnac,2
man,2
sp,2
truck,2
orthoped,2
manufactur engin,2
work knowledg,2
nation,2
cross function team,2
recogn,2
profil,2
10 year,2
custom support,2
lab,2
eh,2
pune,2
function area,2
ownership,2
ppap,2
specifi,2
holder,2
13,2
compon select,2
vendor draw review,2
recruit,2
techniqu,2
note,2
purpos,2
compress,2
cad softwar,2
mechan product,2
design engin mechan,2
senior engin,2
plan project,2
good commun skill,2
extrud,2
mechan engin diploma,2
dispatch,2
addit,2
resolut,2
sound,2
handl conveyor,2
good interperson skill,2
qualif degre,2
statutori,2
work plan,2
someon,2
traine,2
model,2
plant equip,2
depth,2
prevent action,2
yr,2
littl,2
pallet,2
furnac,2
amc,2
design develop,2
output,2
inter,2
project site,2
good analyt problem,2
condit monitor,2
compris,2
main plant,2
pallet truck,2
interfac,2
laboratori,2
troubl shoot,2
ad,2
creat,2
trend,2
orient,2
cad tool,2
cad design,2
work close,2
children,2
engineeringmechan,2
program,2
vers,2
dure project,2
work manag,2
abl,2
electr mechan,2
good interperson,2
prior,2
send,2
establish,2
materi handl solut,2
advantag,2
process engin,2
skill requir,2
engin project,2
industri materi,2
cours,2
amc vendor,2
plant system,2
diploma fresher,2
associ,2
short,2
compress aspen,2
design layout,2
carpentri,2
design criteria,2
air condit,2
orthoped mechan design,2
opto mechan,2
procedur,2
energi,2
reduct,2
catia,2
vendor draw,2
basi,2
titl mechan,2
wtp stp,2
feed,2
exchang,2
feeder,2
extern,2
interact,2
industri materi handl,2
store,2
relationship,2
exposur,2
requisit,2
built,2
mainten engin mechan,2
distribut,2
vehicl,2
getter,2
reheat,2
sector,2
reput,2
remedi,2
2 year,2
3d cad,2
daili work,2
expert,2
altern,2
oversea,2
electrician,2
vessel,2
project stage,2
pc,2
po,2
pace,2
boq,2
manner,2
readi,2
minim,2
task,2
project cost,2
input,2
correct prevent,2
sheetmet,2
calcul stress,2
equip ga layout,2
cost effect,2
block,2
repair work,2
heat exchang,2
type heat,2
engin requir,2
project document,2
orthoped mechan,2
prepar design,2
similar,2
supervisor,2
display panel,2
stipend,2
analyt problem solv,2
breakdown analysi,2
automobil engin,2
relev,2
leader,2
degre diploma,2
technic sale,2
draw prepar,2
quickli,2
junior,2
closur,2
residenti,2
convers,2
ga layout draw,2
sofom,2
boq prepar,2
technic evalu,2
vendor develop,2
tax,2
schemat,2
titl mechan design,2
emerg,2
machin mainten,2
routin,2
infrastructur,2
job involv,2
potenti,2
class,2
mixer,2
graduat mechan,2
robot,2
conveyor sp,2
document updat,2
categori,2
wast water,2
cool tower,2
rotat packag,2
electr mechan engin,2
mine equip,2
technic bid,2
thi posit,2
opto,2
strictli,2
exp,2
food industri,2
design activ,2
optic mechan,2
project work,2
ventil,2
good analyt,2
rout,2
contact,2
energet,2
equip ga,2
good written,2
water treatment system,2
heat treatment furnac,2
aspen,2
varieti,2
univers,2
deliver,2
mainten plant,2
system hydraul,2
control system,2
transmiss line,2
treatment system,2
fire fight,2
respect,2
water system,2
alloc,2
softwar autocad,2
present,2
manufactur industri,2
apqp,2
commiss,2
job involv travel,2
engin diploma fresher,2
fork lift,2
correct prevent action,2
2 yr,2
member,2
http,2
student,2
weld,2
center,2
mention,2
breaker,2
regul,2
drive,2
person skill,2
possess,2
term,2
conveyor fork lift,2
cochin,2
necessari,2
decis,2
stress analysi,2
stay,2
kaizen,2
column,2
draw review,2
automat,2
12 year,2
power system,2
pump water,2
troubl,2
engin degre,2
appoint,2
ha,2
conveyor fork,2
maintain log,2
record,2
display,2
automot,2
diploma mechan engin,2
conflict resolut,2
experienc,2
water tank,1
provid maximum output,1
ensur energi,1
respons engin,1
cochin thrissur appli,1
major equip work,1
similar project,1
draw detail draw,1
holder hard,1
strong negoti skill,1
proto type,1
veri littl,1
industri industri product,1
6 7 year,1
design materi,1
opto mechan product,1
feed water,1
0 auto cad,1
oper engin subsystem,1
concret,1
layout ga layout,1
15 complet,1
high profici,1
draw model,1
project statu,1
plasma,1
lift manufactur,1
work cad softwar,1
fitter electrician,1
breaker commun,1
veri good understand,1
bd loss time,1
blower hvac,1
rise,1
ambigu problem,1
locat chinchwad pune,1
factori,1
fast pace,1
press tool,1
equival knowledg,1
inspect report,1
poorli,1
pleas note,1
special,1
compressor turbin,1
school,1
analys requir,1
direct proport,1
5m standard,1
fire fight standard,1
3 prepar proto,1
attend prevent,1
food industri job,1
intern recogn,1
qualiti mainten,1
verif,1
aeronaut engin,1
mainten hvacahu,1
mechanicalcustom manag,1
time sensit deadlin,1
steam gener,1
detail manufactur,1
skill autocad design,1
engin hvac,1
sheetmet auto,1
product perform,1
bs en,1
basi report,1
water pipe,1
fit,1
work product,1
mechan engin fire,1
mainten traineediploma traine,1
aggreg,1
estim prepar,1
schedul adher,1
build maintain,1
technic analys requir,1
maintenanceutil,1
engin tool,1
develop tema asm,1
engin client,1
neb,1
nec,1
hydrocarbon,1
master room approv,1
job engin,1
heavi engin pro,1
ms word format,1
sigma,1
2015 qualifi candid,1
mechan data sheet,1
edge2d design3d,1
balanc plant,1
innov design,1
specialist,1
select pump water,1
po convers,1
updat draw,1
provid expert advic,1
industri job,1
vendor develop solv,1
met,1
read write,1
filter manual,1
agre,1
prevent routin,1
hydraul pneumat knowledg,1
layout draw studi,1
check complianc,1
9 prepar hydraul,1
heavi engineeringcompani,1
interpret,1
instrument product manufactur,1
incom,1
current distribut,1
palamau district,1
high level,1
report draw prepar,1
competit product assess,1
mechan api,1
intern standard,1
residenti commerci township,1
walkin,1
ad advantag,1
place thousand,1
mentor,1
high current,1
support engin,1
chinchwad,1
4 ensur,1
catia hypermesh,1
ansip design,1
follow depart,1
3 record problem,1
locat ambattur poonamalle,1
poorli perform,1
assembl dfma,1
manufactur assembl dfma,1
pig launcher receiv,1
mainten mainten plant,1
work independ,1
decis make,1
mainten personnel,1
movement,1
pump compressor steam,1
catia hypermesh pro,1
emb heat,1
unit,1
intern assign,1
ranchi,1
tower compressor,1
document report,1
e1,1
readi mix,1
wall,1
civil mainten,1
accept disciplin gate,1
asset,1
engineerstat design,1
vessel column shell,1
process workflow,1
hydraul rout concept,1
worker honest,1
evalu mechan,1
calcul stress calcul,1
5 eh respons,1
high voltag high,1
blower rotari,1
man power plan,1
chemic bio,1
qualiti manufactur,1
voltag high current,1
system engin knowledg,1
award,1
reactiv mainten,1
hydraul system diagnost,1
glass,1
divis depart engin,1
31,1
servic scheme,1
profession engin,1
accur,1
websit ww sofom,1
equip test implement,1
glass wall,1
manpow plan work,1
accid,1
disciplinari team environ,1
fresher engin,1
mi,1
design calcul detail,1
site mechan engin,1
conceptu,1
part relat,1
fabric raw,1
mp,1
registr 24th juli,1
plastic compon,1
root,1
treatment equip plant,1
effect learner,1
mechan system hydraul,1
panel intern,1
complex plant,1
design engin solidwork,1
calcul tema ansip,1
eh respons adher,1
die suppli dispatch,1
innov materi,1
electr engin,1
treatmentsewag,1
assitt engin mechan,1
level profici,1
place system,1
hse requir,1
cadd engin,1
attract,1
function initi,1
ansi nec,1
industri includ,1
8 hr,1
excel commun skill,1
stress analysi thermal,1
heavi engin,1
ani engin,1
water pump distribut,1
contributori health,1
hot,1
design calcul tema,1
gate,1
mainten machin,1
cost project document,1
cstatic engineerstat design,1
pioneer manag consult,1
catia pro,1
cam manufactur,1
standard compon,1
12 vendor manag,1
engg depart,1
petrochem plant,1
plant oil,1
complet relev,1
distribut cabl,1
mechan rotat,1
environ norm,1
fabric bill,1
extract steam heater,1
crusher pneumat,1
manag team,1
profici person,1
design design calcul,1
move,1
plant mechan maint,1
consult field,1
fork lift mechan,1
innov cosnult,1
greet,1
vacuum pump root,1
design layout draw,1
machin weld materi,1
plastic product design,1
incorpor,1
vacuum pump servic,1
understand project life,1
engineeringcompani excel,1
pneumat convey system,1
highway bhat,1
front offic execut,1
main plant equip,1
safrti reliabl qualiti,1
3d cad tool,1
check work plan,1
success design,1
alway,1
kra,1
incid,1
plant locat,1
free transport,1
24th,1
packag manufactur,1
concept design industri,1
technic analys,1
directli,1
relat duti,1
india develop center,1
design process,1
design softwar,1
5 diploma mechan,1
team environ,1
softwar solid,1
qualiti manufactur electr,1
evalu student,1
ani technic requir,1
equip erect work,1
comprehens,1
locat ambattur,1
excel commun,1
multidisciplinari,1
mechan engin erect,1
unigraph solidwork,1
assembl test,1
electro mechan experi,1
specifi project,1
test result retest,1
skill oral,1
ordin mainten effort,1
product qualiti mechan,1
recogn univers degre,1
10 15 year,1
interperson skill problem,1
prepar propos draw,1
pump condens pump,1
heavi engineeringcompani excel,1
7 plan track,1
8 plant,1
township,1
architectur plastic oil,1
vessel column,1
graduat mechan pipe,1
1 involv,1
11 good commun,1
mechan util,1
experi cover,1
prevent mainten schedul,1
pump cool,1
guid junior engin,1
break,1
project identif,1
holder hard worker,1
indian mnc cochin,1
engineeringcreoproetoler,1
panel equip,1
relat field issu,1
prepar report,1
vernier calip micro,1
list schemat,1
list requir,1
work relationship,1
3 0,1
develop tema,1
autocad solidwork,1
erp process,1
extract steam,1
mainten indian mnc,1
build repair,1
tech architectur plastic,1
provid counsel,1
rs,1
cad solid,1
power suppli,1
tool instrument,1
mainten industri,1
breakdown problem,1
repair laboratori,1
quickli develop,1
man hour estim,1
technic evalu purchas,1
relat pipe,1
engin mechan static,1
dirti build,1
compon magnet fuse,1
saudi,1
engin diploma holder,1
dfmea,1
dfm dfa,1
maintain 5,1
broad understand,1
14 measur,1
crusher mechan mainten,1
technolog sheet,1
hypermesh,1
critic respons,1
mechanicalelectr,1
cement,1
effici utilis,1
contractor technician,1
freq,1
qualifi mechan,1
equip work principl,1
pro intralink,1
vendor offer,1
detail check,1
supervisori experi cover,1
role senior,1
gandhinagar 382,1
shift fire,1
erectionmechan,1
exist machin,1
filter,1
research program appli,1
renew,1
iso,1
job locat,1
diploma onli,1
review gener,1
effect manner,1
mechan overal,1
effici run,1
site mechan,1
12 follow,1
pharmaceut machin machin,1
appli innov technolog,1
countri onli,1
mechan desigen,1
project simultan,1
breakdown prevent,1
previou intern experi,1
dispatch assembl,1
desir qualiti standard,1
manufactur compani,1
surfac miner,1
3 year experi,1
apqp ppap approv,1
primari,1
prevent breakdown mainten,1
monthli stipend,1
grasp process technolog,1
log book,1
5 prepar propos,1
descript technic,1
en etsi,1
mechan equip requir,1
treatment furnac area,1
lift mechan,1
equip relat pipe,1
ww sofom,1
lead mechan engin,1
middl eas,1
project execut complet,1
ltc group link,1
static equip relat,1
isometr,1
mainten auto compon,1
cement erect,1
relat studi,1
engin mainten,1
project cost project,1
flexibl team player,1
experi exampl includ,1
improv product perform,1
energi conserv,1
provid stabil,1
requir design,1
select cost make,1
mill kiln,1
practic relat,1
design calcul materi,1
0 auto,1
target,1
manufacturinghardgood,1
life cycl schedul,1
repair maintain,1
perform relat duti,1
good team player,1
compil,1
rais indent,1
traineediploma,1
pipe compon,1
arabia,1
support respons associ,1
ms offic product,1
plumb carpentri,1
maintenanceutil mainten,1
befor site,1
air cooler ejector,1
result retest,1
2015 qualifi,1
engin 0 3yr,1
turbin feed,1
netbrain consult solut,1
requir instal,1
subsid,1
locat chinchwad,1
procur sodexo client,1
plant design,1
kr,1
packag machin,1
water treatmentefflu,1
bengal,1
electro mechan portion,1
sourc exercis,1
y14,1
mainten auto,1
expens,1
mainten oper project,1
insur,1
product depart,1
analyz vendor offer,1
erect test,1
sampl transport lab,1
institut rule,1
evalu vendor,1
etsi neb,1
eh norm,1
telecommun,1
breaker commun data,1
valid equip design,1
transport lab,1
manag senior,1
enclosur rack thermal,1
plan sale,1
assembl standard,1
stp fire,1
autom system assembl,1
anf detail scope,1
3 12 year,1
ejector,1
ac dc,1
equival plu complet,1
mechan electr,1
vegetarian food,1
minimum 2,1
canteen facil,1
salari 2 00,1
custom till,1
rotari,1
machin mainten repair,1
design equip design,1
2 project,1
learner,1
9 defin,1
2 creo,1
api iso din,1
plant design clearli,1
intern inspect report,1
suppli dispatch assembl,1
dukhan,1
desk inventor,1
mainten depart,1
select materi,1
complianc relat,1
8 prepar,1
good inter person,1
repair laboratori equip,1
1 vendor develop,1
softwar skill,1
fabric issu,1
manag research manag,1
supervisor electrician hvac,1
food transport,1
master room,1
team center,1
summari,1
band3,1
equip independ,1
design team,1
circuit function,1
aligarh,1
pc mechan,1
http ww,1
plate,1
eia en,1
block hotel block,1
7 prepar design,1
regularli,1
dg,1
mttr mtbf,1
intern equip,1
dc,1
field issu cost,1
yr ranchi,1
dispatch assembl machin,1
turbin mechan,1
ansi unigraph,1
engin technic sale,1
dp,1
oversea project,1
7 experi,1
divis depart,1
bhat gandhinagar,1
indoor outdoor enclosur,1
servic scheme chss,1
emi,1
auto desk inventor,1
excel opportun,1
technic supervisor electrician,1
maximum output level,1
manufactur cours,1
machin tool,1
salari 2,1
control pipe civil,1
cement erect experi,1
industri industri,1
urgent requir,1
transport process,1
24th juli 2015,1
kiln seal,1
usabl,1
draw creation,1
offic execut,1
australia,1
electron manufactur,1
supervis servic,1
4 creo creo,1
draw qualifi,1
solidwork project,1
heavi machineri,1
prevent breakdown,1
oper engin,1
diploma mechan automobil,1
07,1
conduct research,1
cold reheat,1
bill check,1
befor dispatch,1
packag water treatment,1
activ supplier,1
box creativ,1
ga energi power,1
hard worker,1
plate type heat,1
technolog investig,1
balanc,1
mechan hydraul pneumat,1
direct control,1
document includ bom,1
100 countri,1
electromechan field,1
treatment system etp,1
ga turbin compressor,1
exampl includ,1
sheetmet auto desk,1
offic environ,1
382,1
pneumat circuit,1
scientist engin sc,1
hydraul pneumat,1
equip tool,1
toler,1
engin project mechan,1
protect,1
select cost,1
hardgood product,1
10 supplier,1
support complianc,1
chang order eco,1
forklift pallet,1
gener boiler water,1
utilis,1
accur record,1
outgo 2d,1
hvacahu cool,1
job kindli,1
design deliver,1
plant mechan,1
report maintain inventori,1
isometr draw,1
design deliver conduct,1
custom manag,1
15 engin,1
design engineerstat mechanicalpressur,1
pump condens,1
100,1
heat exchang storag,1
boiler water wast,1
key respons,1
tat,1
1 2,1
ventil system fire,1
excel verbal,1
air packag nitrogen,1
meet desir qualiti,1
5m,1
tech robot systemz,1
disciplinari design,1
carri,1
valu,1
ja cstatic engineerstat,1
product mechan automobil,1
manag consult hire,1
atmospher,1
work profici person,1
life,1
work cad,1
littl technic,1
10yr,1
qualiti product,1
energi power infrastructur,1
area engin,1
mechan thermodynam hydraul,1
worker,1
clearli,1
job includ civil,1
plastic oil ga,1
primari purpos,1
3 strong negoti,1
technician fitter,1
tech 5,1
supervis technic,1
contractu opportun,1
compil test,1
launcher,1
hydraul applic,1
properti,1
materi engin chang,1
commerci,1
proto type sampl,1
11 conduct applic,1
standard engin,1
10 respons,1
malayalam,1
supplier audit,1
autodesk inventor,1
function area engin,1
station invert,1
compani provid job,1
bio,1
erect person skill,1
dissip,1
iv,1
cover mainten instal,1
industri trend,1
purchas mechan,1
ic,1
industri product,1
id,1
statutori norm,1
mechan engin technician,1
audit develop,1
possess knowledg,1
mechan design calcul,1
work locat ambattur,1
educ qualif,1
3 obtain design,1
din en,1
stpi,1
insur scheme children,1
write feasibl studi,1
prepar propos,1
perform mainten work,1
small offic,1
pay band3,1
engin technician mechan,1
11 manpow,1
turbin materi,1
mechanicalelectricalmainten mechan,1
refineri expans fertil,1
reput organ,1
fuse,1
experienc candid,1
conserv initi,1
deliver conduct pre,1
fertil,1
mechan process,1
test result,1
urgent open,1
pre bid meet,1
competit product,1
term project,1
windchil pro,1
engin opto,1
technic bid evalu,1
metal press,1
assembl autom,1
perform duti relat,1
indian standard,1
requir manufactur,1
growth,1
system design compon,1
system experi,1
prior intim,1
cut profil,1
equip tool crane,1
left,1
pump compressor turbin,1
data sheet materi,1
identifi,1
dfma principl,1
cool tower compressor,1
develop written plan,1
dfa dfr,1
function read,1
laptop,1
5400 gross pay,1
staff befor,1
job opportun,1
02 05 year,1
addit qualif,1
strong knowledg,1
conflict resolut dure,1
mechan portion,1
3 25 00,1
supervis man,1
languag,1
ensur energi conserv,1
respons mechan engin,1
strong technic skill,1
mechan instal,1
vendor coordin,1
mnc client,1
character,1
autocad design,1
5s,1
divers short,1
rack thermal,1
ms window,1
data collect,1
system heat system,1
ppm schedul,1
autocad catia hypermesh,1
etp stp,1
machin technolog,1
materi avail specif,1
lead oil,1
job career,1
design calcul stress,1
engin mechatron purchas,1
advis,1
conceptu design,1
steam heater drain,1
supervisori,1
perform relat,1
regard,1
fm electr,1
assembl test 1,1
arab,1
auto desk,1
provid leadership,1
pfd equip,1
engin senior,1
govt,1
process export,1
product mainten,1
engin mainten industri,1
interfac emi shield,1
usabl condit,1
test support complianc,1
6 assist market,1
cooler,1
prepar apqp,1
manual,1
post locat jamnagar,1
boiler water,1
qualiti mechan,1
3d model,1
site plan befor,1
nation oil,1
commun skill profici,1
mechan mechan,1
includ civil mainten,1
conduct train,1
deal,1
support complianc certif,1
plastic industri,1
heater drain vent,1
eas,1
maxim,1
8 work,1
48930,1
mechan engin mainten,1
machin shop,1
industri compressor,1
lead engin review,1
check complianc relat,1
control descript,1
powerpoint excel,1
tool machin mainten,1
institut innov,1
extrud mixer blender,1
mtbf time,1
handl conveyor sp,1
design criteria calcul,1
metal form machin,1
posit statu,1
categori engin design,1
bio tech,1
fertil petrochem,1
428,1
minimum time,1
benchmark abil,1
multidisciplinari product,1
autocad catia,1
132 kv,1
applic studi,1
multipl project,1
engin shift engin,1
plastic materi,1
paint chemic,1
electron circuit function,1
9 mechan,1
rate contact,1
binder,1
fresher mechan,1
supervis control technic,1
machin weld,1
concret readi mix,1
sampl approv,1
select pump,1
reput machin,1
improv design,1
cost issu packag,1
system experi exampl,1
issu cost reduct,1
current distribut cabl,1
timelin,1
term project abl,1
power system solut,1
vacuum pump breakdown,1
english languag,1
product engin opto,1
previou experi,1
mechanicalelectricalmainten,1
understand abil,1
review bop,1
ds pf,1
mechan engin graduat,1
posit statu full,1
drain vent,1
materi substitut,1
deviat,1
materi avail,1
prevent mainten activ,1
1 prepar,1
regist,1
initi direct,1
test 1,1
iv job,1
treatmentetpwtpstpwast wtpwast etp,1
inter person skill,1
mechan engin mine,1
time studi,1
creo2,1
manufactur standard,1
provid job opportun,1
storag,1
technician contractor,1
document vendor manag,1
problem face dure,1
mechan engineeringcreoproetoler analysismechan,1
project risk,1
experi work,1
moradabad base export,1
excel supplier,1
work methodolog,1
draw qualifi part,1
manufactur engin design,1
machin good interperson,1
project execut environ,1
reliabl qualiti,1
check project,1
form,1
materi select cost,1
nitrogen packag,1
mainten oper,1
develop product,1
ec ns,1
fire alarm,1
y14 5m standard,1
mainten job includ,1
water system pump,1
counsel,1
possess electro,1
accuraci,1
full,1
chang order,1
job titl shift,1
industri pump water,1
ww ipr,1
detail draw bom,1
maximum,1
engin market engin,1
oper heavi,1
complaint,1
case,1
fundament,1
ani experi,1
prepar test,1
english commun,1
engin purchas mechan,1
engin mechatron,1
02 05,1
adopt,1
engineerstat design engineerstat,1
design technic,1
request,1
water pump,1
role industri engin,1
accept disciplin,1
proven,1
remedi action,1
manag research,1
custom support respons,1
prototyp perform,1
sr fm,1
test 1 open,1
develop center,1
test automot,1
draw work,1
onli prefer,1
comprehens mechan engin,1
33 66 132,1
analysismechan design,1
materi bom,1
engin support,1
creativ solv,1
regul certif,1
fight standard,1
air condit power,1
ns,1
util plant maint,1
structur compon hydraul,1
assembl detail,1
market engin,1
weld symbol,1
wing,1
inventori mainten,1
ds system,1
posit senior,1
hotel block,1
atleast 02,1
guid junior,1
11 conduct,1
manufactur erp,1
plu complet relev,1
notic,1
variou intern code,1
manageri,1
draw document report,1
60 aggreg,1
femal,1
receiv,1
advis stakehold,1
3d cad design,1
pc mechan engin,1
oragadam,1
nitrogen packag water,1
engin process,1
supplier sampl,1
control system inject,1
mechan reliabl,1
loyal,1
water wast water,1
work mechan,1
engin shift,1
graduat mechan engin,1
chain,1
technician contractor technician,1
predict mainten,1
career html,1
global,1
equip boiler steam,1
success candid,1
mechatron,1
level calcul,1
oper group,1
good experi,1
invert transmiss,1
steam turbin,1
milk,1
safeti standard,1
water treatmentefflu treatmentsewag,1
multipl small,1
technic sound,1
ms packag machin,1
testingmateri engineermechan softwar,1
main steam hot,1
structur compon,1
test commiss,1
smooth interdepartment,1
short term,1
tech mechanicalelectricalmainten,1
food transport cab,1
iso din en,1
electr automobil,1
engin knowledg,1
system etp,1
perform wire,1
feasibl,1
station invert transmiss,1
windchil pro intralink,1
industri oil,1
http takew,1
ms autom,1
erp,1
tax free,1
technolog sheet metal,1
13 conflict resolut,1
vlite microprotol compress,1
din,1
die,1
interdepartment activ,1
magnet,1
item,1
autocad powerpoint,1
shift process,1
quick,1
handl solut includ,1
distribut cabl indoor,1
07 2015,1
cover mainten,1
round,1
aproduct plant,1
analysi fa,1
cstatic,1
00 3,1
qualiti inspect,1
fluent read write,1
detail design layout,1
steam gener boiler,1
standard ansi,1
electr electron circuit,1
block hotel,1
mechan engin contractu,1
oper heavi construct,1
forklift pallet truck,1
util packag,1
engin review bop,1
engin attribut,1
product relat field,1
air packag,1
work draw detail,1
project engin mechan,1
automobil mechan desigen,1
prepar design concept,1
emi shield,1
work resolv cost,1
hse,1
solidwork engin,1
knowledg plate type,1
current,1
doubt ambigu,1
group leader,1
direct walkin,1
design engin hyderabad,1
thermal dissip,1
mechan static,1
machin good,1
optic test,1
solid work cad,1
commun skill oral,1
manufactur electr,1
equival knowledg train,1
draw work draw,1
activ multipl sourc,1
desigen engin,1
aircondit,1
locat india,1
aligarh muslim univers,1
compani websit,1
variou project,1
ga profession,1
charg equip,1
import kra,1
altern cost effect,1
engineeringcreoproetoler analysismechan,1
box,1
design concept,1
5 year exp,1
handl air,1
automobil aeronaut,1
bop,1
worldwid,1
valu engin process,1
equip util,1
shop floor,1
link insur scheme,1
mainten plant qualiti,1
multipl divers short,1
process equip mainten,1
automat concret readi,1
manufactur issu,1
team good,1
accommod provid,1
sp ms autom,1
servic deliveri,1
technic issu,1
site work,1
project site engin,1
work locat,1
machineri equip,1
perform mainten,1
test implement,1
doubt ambigu problem,1
perform system,1
tech architectur,1
paramet,1
csa eia,1
ensur deliveri,1
cad design softwar,1
mep bim project,1
analyz,1
requir manufactur product,1
experi includ,1
establish effect,1
design work,1
getter result,1
report directli,1
model assembl,1
retest,1
analysi sheet,1
process knowledg,1
mainten schedul,1
experi appli,1
process control,1
engin 1 2,1
meet desir,1
product develop,1
analys,1
project work dure,1
draw prepar check,1
7 plan,1
compris power system,1
inject system heat,1
compris power,1
respond,1
manufactur electr electron,1
cam,1
cab,1
vendor includ requir,1
mechan safe,1
safeti procedur,1
parti vendor,1
oil ga power,1
explor,1
yr exp,1
design engin electro,1
predict,1
basic hand,1
basic mechanicalassembl,1
plate type,1
iso din,1
critic,1
netbrain,1
mechan engineeringcreoproetoler,1
ensur accid free,1
irrungattukottai,1
31 07 2015,1
children educ,1
automot telecommun power,1
ansi nec cec,1
function read schemat,1
creo 2 creo,1
mechan mainten extrud,1
1 5 year,1
entrepreneuri,1
year practic experi,1
complex calcul,1
award stage anf,1
3 25,1
hvac util,1
firefight plumb,1
8 work experi,1
relationship manag,1
reduc,1
fabric bill check,1
oversea countri onli,1
treatmentefflu,1
engin sr engin,1
safe system,1
layout draw input,1
31 07,1
grow,1
design field,1
program risk,1
handl conveyor fork,1
ga turbin feed,1
project engin,1
goal,1
plasma research,1
inventor sheetmet,1
fluent,1
product engineeringmechan,1
agit mixer ic,1
electromechan system,1
paint chemic petrochem,1
schedul condit,1
electromechan design,1
mainten industri engin,1
eh respons,1
train stipend,1
engineeringcompani excel control,1
shield,1
globe,1
treatmentetpwtpstpwast,1
technician prior,1
desig,1
6 prevent mainten,1
field troubl shoot,1
nitrogen,1
fuse breaker commun,1
cold,1
manufactur draw,1
compani requir staff,1
heavi construct,1
heat transfer,1
hindupur factori,1
engin technician,1
scheme children,1
personnel problem,1
befor 31 07,1
window,1
autocad solidwork project,1
skill mainten,1
expans fertil,1
mttr mtbf time,1
specialti field experi,1
product document,1
knowledg column intern,1
complianc certif effort,1
equip histori,1
qs,1
high standard,1
onli malayalam speak,1
2d 3d,1
orient person,1
test cad,1
mechan mainten machin,1
desigen,1
conflict resolut manpow,1
control plan,1
provid job,1
perspect,1
similar project ha,1
sop,1
safeti project plan,1
cec csa,1
25,1
ii essenti function,1
report draw,1
train period,1
2 maintain log,1
suppli chain activ,1
variou control system,1
panel intern equip,1
encourag team,1
order equip,1
end,1
work order,1
ec,1
eb,1
mechan test cad,1
suppli chain,1
area product manufactur,1
press tool machin,1
sr engin,1
requisit technic,1
agit,1
chemic petrochem,1
reheat extract steam,1
includ calcul,1
technic supervisor,1
treatmentefflu treatmentsewag treatmentetpwtpstpwast,1
character competit product,1
skill problem solvingc,1
program appli principl,1
soft tool,1
compressor ah,1
chemic bio tech,1
mbr,1
befor site work,1
mechan engg maintanac,1
descript technic specif,1
juli 2015,1
gate 2015 qualifi,1
6 prevent,1
veri fluent read,1
gross pay 48930,1
domest,1
skill involv electr,1
vendor manag conflict,1
respons engin lead,1
lead group,1
requir binder,1
equip requir inspect,1
qualiti check,1
document vendor,1
process machin,1
metal press tool,1
compon hydraul,1
fresher mechan engin,1
reflect,1
draw studi,1
east africa,1
oversea countri,1
rule,1
gener arrang,1
develop written,1
honest,1
moradabad,1
pipe isometr,1
water wast,1
relat field,1
appli principl,1
2 prepar,1
reheat cold reheat,1
control pipe,1
permit,1
mainten repair prefer,1
team good written,1
display panel equip,1
strainer,1
onc,1
environ mainten,1
price,1
relat equip,1
control depart,1
priorit,1
inter person,1
research plan,1
ga energi,1
uf mbr,1
materi requir,1
design layout ga,1
design design develop,1
risk advis stakehold,1
improv reliabl,1
fluent read,1
tema standard,1
draft,1
averag,1
fresh mechan engin,1
disclos,1
cadd engin educadd,1
support respons,1
circuit function read,1
engin contractu opportun,1
hvac technician fitter,1
process workflow draw,1
motiv,1
verbal commun,1
regular facil,1
tube type heat,1
mtbf,1
5 document updat,1
hydraul heat transfer,1
engin erect,1
technician mechan,1
tool prefer inventor,1
product document includ,1
5 prepar,1
univers degre,1
oil ga project,1
electr autom,1
metal rubber hose,1
materi cut,1
free compani,1
safeti regist,1
design equip,1
fuse breaker,1
continu improv,1
pre,1
anf,1
laboratori equip,1
0 3yr,1
gandhinagar highway,1
senior design,1
deliv product design,1
automat concret,1
electr malfunct,1
compressorsmechn,1
prepar design layout,1
milk process,1
highway bhat gandhinagar,1
ambigu,1
engin provid,1
tender technic bid,1
project life cycl,1
advic,1
skill involv,1
2 3 experi,1
offer,1
respons mechan,1
detail manufactur draw,1
autodesk inventor sheet,1
quickli develop depth,1
ideal,1
cad design engin,1
machin tool industri,1
control engin,1
tower mobil,1
tackl,1
water main,1
materi fabric,1
includ high voltag,1
engin sc,1
supervis mainten,1
industri product heavi,1
malfunct,1
saudi arabia,1
basic pay,1
health servic scheme,1
includ requir,1
studi dp rs,1
engin sr,1
day basi,1
mainten engin mechanicalelectr,1
consult hire,1
solid edg,1
schemat ec,1
manag conflict resolut,1
sr site mechan,1
vernier calip,1
intern custom,1
5 establish line,1
make design propos,1
visual,1
oper project,1
mttr,1
subsid canteen facil,1
tool die,1
perform system level,1
relat document,1
draw bom,1
locat jamnagar,1
man hour,1
class item,1
onli appli,1
conceiv develop,1
mechan ventil system,1
design custom support,1
result orient person,1
speak regular,1
specialist experi,1
requir complianc,1
16 transmiss line,1
engin technic,1
sheet materi,1
dissip calcul,1
perform verif,1
pharmaceut grade wax,1
assembl hydraul,1
plan work alloc,1
hydraul circuit,1
extrud mainten activ,1
time wastag entri,1
transact,1
solvingc erectionmechan engineersolv,1
design custom,1
mechatron purchas engin,1
electr automobil mechan,1
tool industri,1
entrepreneuri atmospher,1
process industri oper,1
excel coordin,1
dfma,1
resourc alloc,1
mechan process power,1
5400 gross,1
extrud mixer,1
output level effici,1
process power,1
compon hydraul circuit,1
prepar bill,1
system inject system,1
contractu,1
pf ds,1
test equip,1
automobil work close,1
instal oper mainten,1
blower pneumat prevent,1
industri equip,1
budget,1
exchang storag,1
trade,1
traine engin diploma,1
updat resum,1
verif test support,1
plastic manufactur,1
handl oversea project,1
tool assembl,1
handl multipl,1
solut pvt,1
lead mechan,1
plant equip safeti,1
offic essenti 9,1
aeronaut engin requir,1
scientist,1
record order equip,1
convey system,1
sensit deadlin,1
surfac miner feeder,1
real estat,1
machin pharmaceut,1
en manufactur standard,1
engg mechan engin,1
mainten traineediploma,1
3 project cost,1
aproduct,1
hvac util mainten,1
handl equip independ,1
vendor develop activ,1
supervis man power,1
4 excel supplier,1
poorli perform equip,1
educadd,1
deadlin,1
batch plant stone,1
correct action,1
seal,1
built draw document,1
supplier relationship,1
expans fertil petrochem,1
lead engin mechan,1
flexibl,1
dure project execut,1
mechan engineeringmechan,1
role categori product,1
spoken english,1
steam turbin ga,1
calcul materi,1
mechan testingmateri,1
elec chemic,1
time manner,1
strateg sourc,1
draw manufactur,1
hvac mainten,1
10 knowledg,1
india oversea,1
uk,1
refiriger aircondit,1
complet monitor,1
high rise,1
plant oper,1
ensur closur,1
tbd,1
cycl,1
spare,1
team personnel,1
highlight,1
engin solidwork,1
3 strong,1
heater packag,1
themechan design,1
weld materi fabric,1
breakdown mainten blower,1
3 experi,1
design detail design,1
atleast 02 05,1
schemat ec ns,1
1 prepar design,1
region,1
adapt decis,1
10 year practic,1
local liason,1
inventor sheet,1
reliabl improv,1
relat remedi,1
architectur plastic,1
repair work relat,1
interest pleas provid,1
feeder breaker crusher,1
includ troubleshoot,1
mainten indian,1
method standard,1
fmea,1
engin educadd,1
main steam,1
66,1
engineermechan,1
project life,1
requir technolog,1
engin expert,1
compon magnet,1
rise residenti,1
solut includ,1
written plan,1
thi job,1
process power tool,1
coupl,1
west,1
invert,1
mechan engin shift,1
ja,1
mechan engin support,1
diploma fresher engin,1
individu,1
infrastructur compon,1
robot systemz,1
automot electron,1
draw read,1
petrochem plant oil,1
solv skill involv,1
level effici,1
thousand,1
calcul materi select,1
compani requir,1
automobil aeronaut engin,1
sr mechan,1
automot telecommun,1
dukhan field,1
essenti 9,1
lectur,1
mechanicalcustom,1
product mechan,1
engin educadd pune,1
studi dp,1
plant water system,1
guidelin,1
technician mechan engin,1
diagnost,1
vendor invoic,1
commerci township,1
experi appli electro,1
engin purchas manag,1
eia,1
cast,1
design basi,1
approv process,1
engin direct,1
mechan relat design,1
familiar,1
boiler steam,1
eb tech,1
chss perquisit,1
refineri,1
intern market,1
machineri equip tool,1
pc laptop,1
cad hvac,1
present skill,1
carpentri work,1
machin inject mold,1
themechan,1
engin tool method,1
lift manufactur industri,1
metal rubber,1
valv strainer specialti,1
excel supplier relationship,1
share knowledg,1
boq prepar cost,1
draw document,1
steam hot reheat,1
pipe isometr draw,1
practic experi,1
complianc relat mine,1
vessel engineerstat,1
medic,1
manufactur stage,1
immedi correct action,1
mechan lead engin,1
statu full time,1
html,1
test cad pro,1
10 supplier sampl,1
design mechan part,1
design industri,1
design engineerstat,1
knowhow,1
standard autocad,1
industri pump,1
assembl machin weld,1
thi role,1
driven,1
14 year,1
intern recruit,1
process plant,1
pneumat prevent crusher,1
raw materi cut,1
establish effect work,1
drain,1
hvacahu cool tower,1
mainten plant engin,1
fire plumb,1
hvac technician,1
requir back,1
floor,1
evalu instal oper,1
plastic manufactur process,1
npd engin,1
pressur vessel,1
supervis amc vendor,1
cost make,1
equip relat,1
vacanc,1
cast plastic sheet,1
engin 1,1
tech mechanicalelectricalmainten mechan,1
outdoor,1
perform equip,1
vent,1
supplier apqp ppap,1
middl east,1
helpdesk,1
reheat extract,1
intern inspect,1
proport,1
speed,1
grade pay,1
complex skill,1
import transact,1
conduct design,1
particip effect,1
11 manpow manag,1
undertak manpow,1
exercis,1
sampler,1
english hindi verbal,1
requir instal mainten,1
13 conflict,1
real,1
resolv cost,1
bid evalu vendor,1
period,1
produc visual interpret,1
hard worker honest,1
steam heater,1
inspect instrument vernier,1
engineeringmechan engin automobil,1
assembl autom pick,1
purchas engin market,1
materi select properti,1
built design,1
mechan equip facil,1
approv execut layout,1
strong technic,1
reput machin manufactur,1
supervis small,1
engin industri autom,1
engineersolv mechanicalcustom manag,1
analyt abil,1
develop depth,1
maximo,1
plastic sheet,1
cool system,1
innov materi handl,1
gener boiler,1
relat mine,1
project stage serial,1
technic specif bid,1
thermodynam,1
mechan draw shop,1
research manag,1
work prefer mandatori,1
juli,1
site relat activ,1
ani materi requir,1
inventor sheet metal,1
recruit compani,1
act,1
conduct pre,1
canteen,1
powerpoint excel word,1
2 00 00,1
asm tema api,1
maint handl,1
2 year work,1
accommod,1
machineri standard,1
tube,1
size,1
pace multi disciplinari,1
execut detail design,1
possess electro mechan,1
pioneer,1
proactiv mainten plan,1
contract personnel includ,1
pipe engin degre,1
engin electro,1
support engin activ,1
institut innov design,1
divers short term,1
sr site,1
valid suggest,1
ansip,1
creativ solv problem,1
en manufactur,1
field issu,1
leadership,1
mechan mainten mainten,1
minimum 10,1
treatment equip,1
compressorsmechn maintenanceutil,1
structur design,1
automot electron product,1
electr boq prepar,1
mechanicalpressur vessel engineerstat,1
till end,1
stone,1
design compon,1
materi requisit technic,1
palamau,1
schedul condit monitor,1
work draw,1
junior staff befor,1
3 0 auto,1
blender variou type,1
previou intern,1
stone quarri crusher,1
feed pump,1
good draft skill,1
design engin industri,1
activ multipl,1
mechan engineeringmechan manufacturinghardgood,1
line experi,1
industri instrument,1
conduct design review,1
engin automobil,1
1 5,1
job career html,1
engin expertis,1
report prepar,1
skill profici,1
recruit compani provid,1
interfac emi,1
ii essenti,1
equip independ onc,1
assembl hydraul rout,1
perform duti,1
66 132,1
gandhinagar 382 428,1
intern problem,1
complet servic,1
mainten team,1
1 vendor,1
facil round,1
good draft,1
prepar check,1
manufactur product,1
turbin compressor,1
tema ansip design,1
collabor,1
thermodynam hydraul,1
rfq sop,1
defin qualiti,1
design mechan,1
hindi,1
experi test develop,1
prefer someon,1
pre bid,1
die suppli,1
data interfac,1
document job career,1
execut layout,1
scheme children educ,1
visit client,1
electro mechan requir,1
plan work,1
regularli monitor,1
12 year experi,1
mainten machin shop,1
job respons,1
divis,1
categori product,1
system fire,1
2 yr ranchi,1
hand dirti build,1
purchas requisit,1
design develop tema,1
routin troubleshoot,1
plumb project,1
full time,1
pump cool tower,1
strong sens,1
condit power,1
product launch project,1
12 vendor,1
categori product manufactur,1
oragadam irrungattukottai,1
pallet truck design,1
ac,1
weldment,1
ah,1
system machin,1
assitt,1
defin area,1
left wtp,1
technic report write,1
design appli innov,1
pay 48930,1
rout basic,1
hous mechan,1
equip erect,1
variou compon,1
contributori,1
project propos,1
fill,1
hand draw,1
metal form,1
form machin inject,1
purchas manag,1
prefer inventor,1
chiller,1
rubber,1
supplier apqp,1
prepar cost estim,1
respect trade,1
requir experi skill,1
3 year,1
sodexo,1
architectur,1
cabl indoor outdoor,1
mainten plan,1
tool crane,1
tank filter manual,1
calcul prepar,1
mechan relat,1
lead cross function,1
onlin http ww,1
fresh,1
onli malayalam,1
bachelor degre,1
pm activ,1
csa eia en,1
basic hand calcul,1
equip plant,1
evalu vendor draw,1
mechan hydraul,1
role senior design,1
autom system,1
form machin,1
supplier sampl approv,1
cad technician,1
build maintain compet,1
includ high,1
result orient,1
invoic,1
assembl standard compon,1
oral,1
tank filter,1
health servic,1
proactiv identifi,1
60 aggreg mark,1
flexibl team,1
hous mechan engineeringmechan,1
workflow draw manufactur,1
field troubl,1
test sampl,1
plan track,1
odm partner,1
stp blower,1
2 3,1
intern experi,1
salari tax free,1
minimum 10 year,1
cast plastic,1
2 conduct,1
3 project,1
resum,1
requir inspect,1
hydraul heat,1
util mainten,1
small team,1
relat mine standard,1
mixer ic,1
rotat equip,1
plan design,1
poonamalle oragadam irrungattukottai,1
fire alarm etp,1
sampler sampl transport,1
kindli email,1
multi parti,1
ic engin,1
05 year,1
equip agit mixer,1
citizen,1
prepar draw,1
small entrepreneuri atmospher,1
prepar report maintain,1
id pfd equip,1
quickli inform,1
refriger boiler util,1
gearbox,1
develop mechan,1
work dure,1
electro mechan system,1
window environ,1
mechan mechan engin,1
ro,1
00 00,1
requir inspect 33,1
qualifi part,1
liais,1
appli electro,1
posit attitud,1
review problem solv,1
breakdown prevent mainten,1
gd,1
procur perspect,1
similar size scale,1
kiln,1
cost estim,1
plan befor,1
site engin,1
firefight,1
submiss,1
review technic,1
technic point,1
pipe steel,1
transport vehicl,1
clarifi design,1
magnet fuse breaker,1
built draw,1
instrument vernier calip,1
past,1
thermal analysi,1
rate,1
solid work mechan,1
100 countri worldwid,1
perquisit,1
face dure,1
mill,1
gross pay,1
integr,1
cut list,1
alloc deploy,1
correct manufactur,1
data sheet,1
cec csa eia,1
plastic materi hardwar,1
plant water,1
bridg gandhinagar highway,1
extens,1
engin erect person,1
benefit,1
latest tqm techniqu,1
plastic oil,1
disciplinari design coordin,1
ad merkblatt bs,1
root blower,1
thermal manag compon,1
vers awar,1
system fire protect,1
pc laptop mobil,1
ansip design engin,1
situat,1
engin design instal,1
compulsorili,1
industri job involv,1
estat sector,1
mep softwar,1
tech candid,1
dure train period,1
mainten instal,1
modifi,1
valv,1
fire safeti standard,1
lectur laboratori,1
india oversea countri,1
aggreg mark,1
educadd pune,1
sc engg mechan,1
project assign,1
profession engin statu,1
supplier audit develop,1
veri good,1
assitt engin,1
pick,1
experi holder,1
analysi thermal,1
mechan automobil aeronaut,1
engg vendor draw,1
test develop product,1
avail specif,1
mobil tablet mechan,1
africa,1
mech,1
3 obtain,1
solvingc erectionmechan,1
strictli follow,1
relat activ,1
2 prepar apqp,1
scale project,1
career,1
ownership coupl,1
complet electr compon,1
takew,1
develop solv technic,1
raw materi,1
layout veri fluent,1
engin electro mechan,1
document job,1
energi power,1
time sensit,1
error,1
hydraul electr,1
priorit team,1
high rise residenti,1
wtpwast etp,1
industri oper,1
382 428,1
comprehens mechan,1
provid expert,1
extend durat,1
work exposur,1
reloc,1
project mechan,1
http ww ipr,1
requisit vendor,1
engin mine,1
lift mechan pallet,1
din en manufactur,1
manag compon,1
mechan civil,1
group link,1
proceed,1
15 complet respons,1
machineri standard ansi,1
glad,1
system machineri,1
trade person,1
deriv,1
pump root blower,1
compressorsmechn maintenanceutil mainten,1
softwar test automot,1
hour,1
ob descript,1
product design detail,1
design softwar solid,1
adapt,1
histori,1
team member,1
problem effici,1
ii skill,1
mechan engin project,1
perform instal,1
rubber hose,1
respect trade person,1
miss occur,1
ms offic essenti,1
registr,1
share,1
cost effect design,1
accept,1
power gener,1
maintenanceutil mainten hvacahu,1
3yr,1
mainten mechan testingmateri,1
electron mechan,1
station,1
engineersolv engineersolv,1
mechan testingmateri engineermechan,1
conduct pre bid,1
3d softwar autocad,1
machin manufactur,1
mechan pallet truck,1
conduct train class,1
csa,1
requisit technic evalu,1
11 good,1
chinchwad pune,1
design engin hydraul,1
wax,1
safrti reliabl,1
oil compani,1
effici perform,1
wastag entri,1
voltag,1
bm control,1
experi cover mainten,1
transport cab avail,1
resourc,1
cost make design,1
magnet fuse,1
feed water main,1
main plant system,1
mold process,1
fa,1
engin qualif,1
director,1
ff,1
10 support,1
ga project,1
high voltag,1
fm,1
effect work relationship,1
immedi correct,1
execut layout veri,1
stabil,1
mainten thi posit,1
weldment assembl,1
resolut manpow manag,1
recommend solut,1
correct manufactur issu,1
2 time,1
00 00 3,1
ppm adher,1
custom place,1
guid small team,1
approv execut,1
mechan requir technolog,1
solid work profici,1
good team,1
vendor document review,1
support product activ,1
project phase,1
conceptu design design,1
mechan design appli,1
manufacturingvehicl product,1
strong understand,1
statutori relat,1
market manag,1
project manag understand,1
prepar cost,1
review technic bid,1
5400,1
tube type,1
staff befor dispatch,1
plant qualiti manufactur,1
titl shift,1
multi parti vendor,1
record order,1
mill kiln seal,1
manag conflict,1
construct coordin,1
power plan,1
date monitor,1
systemz,1
mine standard,1
engineerstat senior engin,1
cec,1
plant oil ga,1
3d model assembl,1
engin forklift,1
solid work prefer,1
decis make skill,1
10 15,1
stay inform,1
ani deviat,1
analysismechan,1
civil elec,1
link insur,1
vmc,1
build prototyp,1
concept design product,1
small offic environ,1
materi cut profil,1
asm tema,1
turbin ga,1
event,1
oil ga compani,1
visit client site,1
feed pump condens,1
2d,1
micro,1
achiev,1
reactiv,1
work output,1
undertak,1
manag schedul condit,1
mechan part,1
complet knowledg,1
crusher mechan,1
plant qualiti,1
design requir,1
8 guid,1
uf,1
competit,1
perform work,1
hard,1
stpi e1,1
automobil work,1
engineersolv mechanicalcustom,1
breaker crusher,1
maintain mechan,1
simultan,1
mechan set,1
certif effort,1
cost reduct,1
admiss,1
strainer specialti,1
equival plu,1
test report,1
health,1
lead engin client,1
cad technician prior,1
sc engg,1
mainten dg,1
highway,1
pharmaceut machin,1
api iso,1
good hand,1
adequ inventori mainten,1
ensur complianc,1
front offic,1
mainten mechan,1
provid understand,1
turbin materi handl,1
adf,1
natur,1
develop stage,1
pharmaceut grade,1
calcul stress analysi,1
base,1
senior engin senior,1
stage anf detail,1
engin chang,1
teach,1
engin east africa,1
bim project,1
product assess evalu,1
ani cad,1
en etsi neb,1
outdoor enclosur rack,1
launch,1
pleas provid,1
accid free execut,1
inject system,1
advanc,1
calip micro meter,1
liaison,1
manag mi,1
criteria requir,1
proactiv mechan mainten,1
variou intern,1
lead cross,1
3d softwar,1
hyderabad,1
major,1
job descript,1
engin mechan chemic,1
project ha good,1
auto mechan,1
supervis control,1
bhat,1
data interfac emi,1
desigen engin 99584152,1
cadd,1
plan develop,1
cad cam manufactur,1
purchas engin,1
respons adher,1
machin inject,1
pump distribut,1
line experi includ,1
materi engin,1
unigraph,1
prepar estim,1
paint,1
engin mechan qatar,1
program risk advis,1
accur record order,1
global presenc,1
variou equip,1
dfr,1
engineerstat mechanicalpressur vessel,1
promot,1
indian mnc,1
move vehicl,1
scheme chss perquisit,1
commit date,1
dfa,1
report write,1
knowledg prepar,1
develop activ,1
busi develop,1
job open,1
ansi tema standard,1
etsi,1
60,1
degre diploma mechan,1
heater condens,1
vernier,1
visual interpret,1
job vacanc,1
problem face,1
base export,1
issu cost,1
aeronaut,1
machin machin tool,1
pump compressorsmechn,1
mechan draw,1
kind,1
mechan assembl,1
mine equip design,1
hvac water,1
gener transport process,1
chain activ,1
telecommun power,1
technic problem,1
ordin mainten,1
bridg,1
kindli,1
detail engg vendor,1
attend prevent breakdown,1
mep bim,1
arrang,1
technolog trend,1
onlin registr,1
dc power,1
support solid work,1
condit power gener,1
good draw,1
methodolog,1
amc vendor includ,1
agenc regul certif,1
tool prefer,1
hvac plumb,1
veri littl supervis,1
ensur process,1
room,1
thrissur appli,1
safeti guidelin,1
valid equip,1
industri instrument product,1
ani cad tool,1
readi work,1
interfac knowledg,1
model assembl detail,1
rotari feeder,1
abt,1
ancillari,1
heat exchang design,1
manufactur product qualiti,1
dc power system,1
supervisori experi,1
process engin mechan,1
disciplin gate 2015,1
part draw,1
ani potenti problem,1
research program,1
group link insur,1
ani materi,1
mechan refriger,1
hotel,1
job locat qatar,1
engin hyderabad,1
instrument air packag,1
technic requir,1
mechan maint handl,1
plan project manag,1
execut complet,1
guid small,1
complex calcul stress,1
arrang draw,1
charg,1
gener transport,1
titl shift engin,1
ga draw,1
erect person,1
good draw read,1
design manufactur,1
multidisplinari interfac,1
cover,1
engin pro,1
treatmentetpwtpstpwast wtpwast,1
refineri expans,1
valv strainer,1
kv,1
manag understand,1
materi request,1
crusher pneumat convey,1
microsoft,1
shift fire alarm,1
outsid contractor,1
safeti standard autocad,1
automat sampler,1
dfm dfa dfr,1
multipl sourc,1
design develop modifi,1
inspect test,1
conserv,1
ansi tema,1
weldment assembl hydraul,1
mechan maint engg,1
hydraul circuit design,1
meet leader,1
inject mold process,1
traine engin,1
oper project cost,1
blender,1
issu packag,1
type sampl,1
manufactur process export,1
scheme ltc group,1
expreri,1
mainten mainten,1
project plan sale,1
veri fluent,1
email,1
ga turbin mechan,1
mechanicalpressur vessel,1
maximum output,1
level effici run,1
supervis technic supervisor,1
2d 3d draw,1
mechatron purchas,1
specif bid,1
scheme ltc,1
involv electr autom,1
mechan mainten engin,1
pr po,1
manag market manag,1
softwar skill desir,1
exchang design,1
alarm etp,1
engg maintanac,1
intern recruit compani,1
concret readi,1
littl supervis,1
engin cad softwar,1
includ civil,1
plu complet,1
industri manufactur,1
condens feed,1
supervis mechan instal,1
cross function initi,1
mechan cadd engin,1
66 132 kv,1
launcher receiv design,1
includ bom assembl,1
suppli dispatch,1
power infrastructur,1
market manag research,1
ani potenti,1
pvt,1
apqp ppap,1
lead oil ga,1
globe pleas,1
pioneer manag,1
children transport,1
sez,1
automobil mechan,1
engineeringmechan engin,1
skill interperson skill,1
control plan meet,1
altern cost,1
merkblatt bs,1
tender,1
cad cam,1
mainten repair,1
activ includ calcul,1
mechan refriger boiler,1
system etp wwtp,1
proper packag,1
repair prefer,1
enclosur,1
mainten hvacahu cool,1
ha work,1
repair mechan,1
ideal candid,1
sez eou stpi,1
thrive,1
wide,1
tpm kaizen,1
muslim,1
area engin design,1
stage serial product,1
commun technic,1
improv product,1
pipe civil electr,1
isol,1
fork lift manufactur,1
mechan control system,1
succeed,1
multipl sourc exercis,1
medic scheme facil,1
gandhinagar highway bhat,1
engin lead engin,1
inform rel,1
room approv,1
suggest altern,1
treatmentefflu treatmentsewag,1
mechan automobil engin,1
complet control,1
pdm,1
grasp process,1
pace multi,1
fluid mechan,1
vegetarian,1
area product,1
6 assist,1
mainten schedul adher,1
pump breakdown mainten,1
qualifi part list,1
point,1
9 mechan equip,1
forklift,1
ppap approv,1
excel control,1
pm,1
fashion,1
softwar test,1
power gener transport,1
object,1
execut environ,1
mechan design modif,1
lab equip,1
pr,1
identif,1
equip mainten,1
store manag,1
fmea meet leader,1
mechan engin expert,1
cabl indoor,1
jamnagar,1
pf,1
pe,1
monthli,1
solut includ compon,1
ph,1
dp rs,1
obtain design,1
poonamalle oragadam,1
draftsman,1
protect system,1
14 local liason,1
inspect instrument,1
time fashion,1
7 year,1
civil electr automobil,1
layout ga,1
record problem,1
evalu instal,1
idea gener,1
manag facil,1
time deliveri,1
mainten thi,1
instrument air,1
goal orient,1
deliver conduct,1
servic contract,1
raw,1
requir follow,1
thermodynam hydraul heat,1
batch,1
engin femal,1
recogn univers,1
engineeringcompani,1
engg mechan,1
basic knowledg,1
serial product,1
govt statutori,1
amc vendor complet,1
job specif,1
mechan system machineri,1
appoint placement,1
99584152,1
heat ventil,1
experi includ troubleshoot,1
8 guid small,1
potenti problem,1
work prefer,1
design coordin,1
potenti personnel problem,1
chiller pump cool,1
pump heater,1
product engineeringmechan engin,1
tqm,1
befor 31,1
hydraul rout,1
construct machineri,1
consult solut,1
onlin http,1
draw detail,1
creo creo 2,1
hot reheat cold,1
engineersolv engineersolv mechanicalcustom,1
design industri compressor,1
engineeringmechan manufacturinghardgood,1
site relat,1
crane tower,1
mechan design equip,1
4 ensur accid,1
job includ,1
estat,1
system level calcul,1
product thrive,1
strength,1
blower rotari feeder,1
insur scheme,1
design propos,1
residenti commerci,1
chang,1
mechan engin requir,1
engin solidwork engin,1
safe,1
elec,1
machin pharmaceut machin,1
auto ancillari,1
vibrat,1
entri,1
miss,1
pneumat convey,1
mechan rotat packag,1
14 local,1
hot reheat,1
busi promot,1
west bengal,1
problem solvingc,1
hour estim prepar,1
district,1
academ,1
littl technic sale,1
pump compressorsmechn maintenanceutil,1
auto cad solid,1
wast water plant,1
pump servic,1
fabric supervis,1
alarm etp stp,1
ensur process plant,1
cost issu,1
job kindli email,1
equip requir instal,1
defin qualiti paramet,1
specif bid evalu,1
variou project site,1
supplier relationship manag,1
draw manufactur procedur,1
construct sector,1
condens pump heater,1
tqm techniqu,1
contract procur,1
vessel engineerstat senior,1
packag nitrogen,1
tablet,1
launch project,1
cochin thrissur,1
similar size,1
specialti field,1
mechanicalassembl,1
bd loss,1
indira bridg,1
pump heater condens,1
compani benefit,1
tower util equip,1
resolv cost issu,1
engin lead,1
reliabl improv design,1
engin mechan api,1
resourc alloc deploy,1
extens experi,1
excel word,1
compil test report,1
bim,1
includ compon select,1
format,1
ensur adequ,1
sampl transport,1
evalu purchas,1
breakdown analysi fa,1
skill requir manufactur,1
qualifi candid,1
work profici,1
stage anf,1
interest candid visit,1
hvacahu,1
requir experi,1
handl air cooler,1
calcul detail design,1
manufactur assembl,1
collect,1
princip,1
materi process,1
prevent crusher mechan,1
skill problem,1
relat nation,1
mechan pallet,1
physicist mechan,1
uk australia,1
9 defin product,1
ja cstatic,1
back,1
entri analysi,1
evalu mainten,1
free compani benefit,1
ds pf ds,1
plant stone,1
interfac knowledg coordin,1
reheat cold,1
solv problem,1
associ industri includ,1
site plan,1
stress calcul,1
market engin mechan,1
defin product,1
tema asm project,1
design appli,1
13 particip,1
substitut,1
tool machin,1
larg,1
knowledg coordin,1
time book,1
sez eou,1
mixer blender,1
id pfd,1
ro uf mbr,1
high current distribut,1
4 excel,1
breakdown mainten activ,1
run,1
hold,1
execut detail,1
equival materi,1
bm,1
instrument product,1
assembl work,1
detail draw creation,1
investig,1
bs,1
tool requir,1
mechan mainten indian,1
obtain design approv,1
statutori relat document,1
power tool,1
develop materi handl,1
pipe code,1
qualif degre diploma,1
manageri review,1
feasibl studi dp,1
produc visual,1
engg vendor,1
pump water tank,1
plan befor site,1
energet fast pace,1
manufactur process knowledg,1
rout basic mechanicalassembl,1
panel equip test,1
duti time food,1
compani websit ww,1
proto,1
develop solv,1
review gener arrang,1
laptop mobil tablet,1
build strength,1
water plant,1
basi report draw,1
bop mp,1
websit,1
proactiv mainten,1
origin certif,1
prepar proto,1
2 project plan,1
engin east,1
cold reheat extract,1
fast,1
revit mep softwar,1
elec chemic bio,1
qualiti paramet,1
furnac area,1
mixer ic engin,1
electr electron mechan,1
jh,1
countri worldwid,1
word format,1
crane tower mobil,1
place system machin,1
duti time,1
9 prepar,1
root blower rotari,1
link,1
mixer blender variou,1
engin forklift pallet,1
crane,1
idea,1
resolut dure project,1
larg manufactur,1
diploma mechan engg,1
mechan engin hvac,1
associ industri,1
mechan mainten traineediploma,1
purchas manag market,1
enclosur rack,1
sheet metal form,1
make design,1
plant stone quarri,1
receiv design,1
mechan safe system,1
pressur vessel column,1
mechan engin mechatron,1
vlite microprotol,1
multipl project simultan,1
adequ,1
skill interperson,1
breakdown analysi sheet,1
govt statutori norm,1
tpm,1
alarm,1
understand project,1
implement latest tqm,1
develop activ supplier,1
defin product launch,1
fluenci,1
mid scale,1
mechan product line,1
asm project,1
custom support solid,1
treatmentsewag treatmentetpwtpstpwast,1
exist draw,1
character competit,1
independ onc,1
ga automobil,1
prepar proto type,1
cam manufactur process,1
system water system,1
part draw qualifi,1
shop draw work,1
wtp stp fire,1
countri onli prefer,1
design innov,1
record problem face,1
support product,1
awar abt,1
opto mechan assembl,1
bom estim,1
engin market,1
draw review gener,1
desk inventor sheetmet,1
maintain compet,1
2 yr exp,1
abnorm,1
speak arab,1
standard design,1
mechan control,1
negoti skill,1
engin research engin,1
assist market,1
gross,1
cost effect manner,1
mechan data,1
work alloc,1
design phase,1
erect experi,1
treatmentsewag treatmentetpwtpstpwast wtpwast,1
water treatment equip,1
mainten blower pneumat,1
updat document,1
voltag high,1
packag water,1
chss,1
mechanicalelectricalmainten mechan test,1
american,1
intim,1
optic mechan product,1
control technic,1
power tool die,1
execut stage,1
4 design calcul,1
junior staff,1
engin review,1
manufactur engin unit,1
adf client,1
work principl,1
report write feasibl,1
cstatic engineerstat,1
edg,1
resolv technic,1
lean,1
symbol,1
engin direct walkin,1
1 resolv,1
mechan experi,1
variou type,1
focu,1
condens pump,1
instrument vernier,1
person skill interperson,1
effect work,1
environ mainten oper,1
design engin forklift,1
sensit,1
mechan desigen engin,1
research engin purchas,1
young,1
develop process,1
report maintain,1
outgo,1
risk advis,1
develop modifi,1
experi exampl,1
sens,1
engin industri,1
1 strateg,1
tender technic,1
manufacturingvehicl,1
time food,1
year work,1
experi test,1
manag compon magnet,1
attract salari,1
cost project,1
10 requir,1
pleas send,1
project abl,1
stakehold,1
mobil tablet,1
tower mobil automat,1
vendor complet servic,1
blower hvac util,1
pfd equip ga,1
team strong,1
adopt process,1
boiler util,1
cnc,1
wwtp,1
getter result orient,1
charg equip histori,1
marri,1
time wastag,1
process control engin,1
rack,1
mark,1
packag equip,1
product plant,1
9 ensur,1
refriger boiler,1
poonamalle,1
paid,1
mainten dg set,1
system solut,1
product mainten plant,1
sap,1
industri west,1
condens feed water,1
odm,1
fabric technolog,1
air cooler,1
assign respons,1
mainten blower,1
solid work experi,1
engineermechan softwar test,1
feeder breaker,1
problem solvingc erectionmechan,1
merkblatt,1
micro meter,1
appli electro mechan,1
cad tool prefer,1
verif test,1
document includ,1
year exp,1
job product qualiti,1
qualifi mechan pipe,1
autodesk,1
milk process industri,1
workflow draw,1
propos draw,1
post locat,1
resolv technic issu,1
storag tank filter,1
compressor steam,1
essenti function,1
asm project plan,1
job respons mechan,1
iv job specif,1
origin,1
draw shop draw,1
handl multi parti,1
util plant,1
helpdesk complaint,1
aligarh muslim,1
wide varieti,1
great,1
produc,1
exampl includ high,1
3d draw model,1
33,1
conceiv,1
assist guid,1
task project,1
manufactur environ,1
product launch,1
offic essenti,1
bom assembl,1
electrician hvac technician,1
indian citizen,1
check work,1
nation oil compani,1
ensur save,1
cooler ejector,1
hypermesh pro,1
ga compani,1
ensur rate,1
3d draw,1
engin mechan rotat,1
tax free compani,1
relat pipe code,1
automat sampler sampl,1
deliv plan,1
dure train,1
handl multipl divers,1
action requir,1
asm y14,1
order eco,1
ansi unigraph solidwork,1
compressor steam gener,1
design3d,1
process export hous,1
duti relat,1
edge2d design3d mechan,1
nec cec,1
doubt,1
save,1
free execut,1
circuit design,1
bridg gandhinagar,1
transmiss line follow,1
24th juli,1
mep technolog,1
left wtp stp,1
pfd,1
target date,1
engin subsystem,1
mechan engin femal,1
2 maintain,1
benchmark,1
1 strateg sourc,1
includ calcul prepar,1
toler analysi,1
engin opto mechan,1
vlite,1
2 conduct dfmea,1
starter,1
tool method standard,1
account,1
procur activ,1
assess evalu,1
tablet mechan design,1
mechan assembl test,1
supervisor electrician,1
sampler sampl,1
test support,1
ensur adequ inventori,1
servic contract procur,1
ad merkblatt,1
great drive,1
knowledg train,1
system heat,1
technic assign,1
year practic,1
program appli,1
steam hot,1
develop mechan control,1
16 transmiss,1
code standard,1
problem track,1
6 research,1
ob,1
professor,1
merkblatt bs en,1
plastic industri west,1
engin design activ,1
draw shop,1
serial,1
electron manufactur industri,1
sodexo client,1
surfac,1
automobil engg,1
design product,1
blender variou,1
design criteria requir,1
14 year experi,1
occur,1
hand dirti,1
prototyp perform wire,1
equip agit,1
client detail,1
testingmateri,1
activ supplier audit,1
bhat gandhinagar 382,1
work relat,1
underst,1
durat,1
npd,1
column intern,1
rout concept,1
cycl schedul,1
output level,1
dfm,1
gate 2015,1
product line,1
job engin mechan,1
resolut manpow,1
requir staff,1
eou stpi,1
tema asm,1
etp stp blower,1
oil ga automobil,1
weld materi,1
written commun,1
valu engin,1
5 diploma,1
solvingc,1
young energet,1
work dure train,1
manag consult,1
pneumat knowledg,1
registr 24th,1
design instal,1
valid test,1
mainten plastic,1
engineermechan softwar,1
erect test commiss,1
salari tax,1
relat design,1
high level profici,1
meter,1
read schemat,1
elit,1
132,1
stp fire plumb,1
base export hous,1
materi fabric supervis,1
select properti,1
miner feeder breaker,1
till,1
creo creo,1
sheet metal rubber,1
sr fm electr,1
innov technolog,1
mechan instal oper,1
activ includ,1
track schedul,1
thrissur,1
test part,1
engin chang order,1
erect work,1
support solid,1
anf detail,1
6 knowledg,1
2 day,1
ga automobil work,1
overal,1
multidisplinari interfac knowledg,1
strateg,1
vendor work,1
wastag,1
plan track monitor,1
hydrocarbon construct,1
relev manufactur,1
dap,1
asm y14 5m,1
india develop,1
front,1
analyz vendor,1
pump root,1
pump water treatment,1
5 eh,1
control descript technic,1
product qualiti mainten,1
tool method,1
emb,1
ensur accid,1
websit ww,1
outgo 2d 3d,1
engin contractu,1
display panel intern,1
plastic product,1
indoor outdoor,1
site permit,1
variou control,1
ms window environ,1
prefer mandatori,1
loyal candid,1
bill check work,1
tech mechan civil,1
exchang storag tank,1
build prototyp perform,1
boiler steam turbin,1
tax duti,1
util mainten dg,1
wast water treatmentefflu,1
spoken,1
design basi report,1
blower pneumat,1
tool die suppli,1
lift wtp stp,1
autocad design engin,1
priorit team interact,1
technic busi,1
system water,1
asm ansi,1
describ,1
safrti,1
includ compon,1
calip,1
part list schemat,1
turbin ga turbin,1
rel,1
hardwar,1
conduct applic,1
includ bom,1
system engin expertis,1
interest candid,1
clarifi,1
mechan engin provid,1
write feasibl,1
workflow,1
eco,1
mechan cadd,1
engin hydraul,1
disciplin gate,1
1 open,1
mid scale project,1
ac dc power,1
engineeringcreoproetoler analysismechan design,1
assembl machin,1
releas,1
knowledg plate,1
extrud mainten,1
manag schedul,1
bid meet,1
pneumat prevent,1
softwar solid work,1
indent,1
materi hardwar,1
team interact,1
manufactur procedur,1
windchil,1
softwar autocad catia,1
mechan lead,1
product assess,1
ltc,1
engin provid leadership,1
ani technic,1
potenti personnel,1
diploma holder,1
outsid,1
transfer,1
ani 3d softwar,1
drive lean,1
product activ,1
balanc plant system,1
technic busi research,1
engin unit,1
english hindi,1
tower compressor ah,1
handl multi,1
laptop mobil,1
atleast,1
resolut dure,1
follow softwar autocad,1
assist professor,1
appli onlin,1
tablet mechan,1
prioriti,1
extend necessari support,1
ani 3d,1
stage serial,1
subsid canteen,1
document review,1
9 ensur save,1
senior design engin,1
ms packag,1
depart engin,1
sheet metal press,1
job requir,1
offic product,1
assembl dfma principl,1
metal materi,1
final,1
hvac firefight plumb,1
fluid,1
sr mechan engin,1
shell,1
big,1
solid edge2d design3d,1
ms autom system,1
ha good,1
manag market,1
product site,1
product project,1
asm ansi tema,1
4 work,1
compon manufactur,1
quarri,1
creat draw,1
system hydraul applic,1
big plu,1
fire safeti,1
steel,1
industri manufactur environ,1
scientist engin,1
moradabad base,1
categori engin,1
packag nitrogen packag,1
machin machin,1
engin cad,1
7 prepar,1
refiriger,1
autocad work knowledg,1
small entrepreneuri,1
compressor gearbox,1
engineerstat mechanicalpressur,1
fire protect system,1
product heavi,1
engin mechan design,1
indira bridg gandhinagar,1
liason,1
medic scheme,1
engin 99584152,1
fire protect,1
perform complex,1
3 12,1
complianc certif,1
academ requir,1
relev manufactur cours,1
system diagnost,1
train compris,1
product relat,1
turbin mechan system,1
electr compon,1
mechan chemic,1
adopt process engin,1
proactiv mechan,1
eou stpi e1,1
perform verif test,1
mechan thermodynam,1
tema api,1
mid,1
2 creo 3,1
mix,1
technic report,1
effect design,1
transport facil,1
appli onlin http,1
attend breakdown,1
1 2 yr,1
purchas requisit vendor,1
divers,1
invert transmiss line,1
02,1
client mention,1
equip facil,1
deploy,1
diploma graduat,1
stp blower hvac,1
electron product engineeringmechan,1
auto compon manufactur,1
vendor complet,1
team technic,1
extend necessari,1
heater drain,1
daili report,1
pension scheme,1
candid requir,1
support intern,1
thermal dissip calcul,1
engin student,1
water treatment boiler,1
pipe civil,1
automobil engg depart,1
truck design,1
improv activ,1
placement,1
deliv product,1
auto mechan mechan,1
05,1
feasibl studi,1
5 document,1
face,1
strong decis,1
tech robot,1
draw input,1
experi 3,1
attribut,1
adequ inventori,1
15 respons,1
maintain mechan util,1
system assembl,1
shop draw,1
fabric technolog sheet,1
list schemat ec,1
compani provid,1
meet custom requir,1
qualiti standard,1
perform design calcul,1
mobil automat concret,1
criteria calcul,1
indoor,1
master project,1
optic mechan engin,1
sp ms packag,1
engin activ,1
check list,1
export hous mechan,1
quick pace,1
rfq,1
00 3 25,1
auto cad hvac,1
mechan ventil,1
wastag entri analysi,1
vendor includ,1
3 prepar,1
highlight follow,1
autom pick,1
vibrat analysi,1
purchas sourc,1
local,1
jac,1
tech 5 year,1
design compon select,1
analysi thermal analysi,1
loss,1
written commun skill,1
electr boq,1
sustain,1
lift wtp,1
inter disciplin,1
undertak manpow plan,1
electron product,1
wtpwast,1
pr po convers,1
tba,1
layout veri,1
prepar tba,1
erectionmechan engineersolv engineersolv,1
extern custom,1
dirti,1
portion,1
approv materi substitut,1
ms word,1
skill autocad,1
organ,1
skill desir,1
design engin direct,1
intern recogn engin,1
manufactur industri autom,1
plant engin,1
optic test equip,1
product heavi machineri,1
power system experi,1
tower util,1
regular break,1
mechan softwar,1
chiller pump,1
malayalam speak,1
hydraul system design,1
intern code standard,1
provid maximum,1
hour estim,1
interest pleas,1
design approv,1
smooth,1
energet fast,1
multidisplinari,1
inspect 33 66,1
detail engg,1
recogn engin,1
bangalor,1
creo 3,1
creo 2,1
launcher receiv,1
wire,1
role categori engin,1
scheme facil,1
equip layout,1
equip power,1
prevent crusher,1
mechan engin research,1
continu explor,1
execut environ mainten,1
agenc regul,1
mainten extrud,1
product qualiti inspect,1
manag understand project,1
job product,1
3d environ,1
getter attitud,1
heat system,1
good inter,1
design3d mechan engineeringcreoproetoler,1
manag senior engin,1
physicist,1
grasp,1
cool tower util,1
technic experi,1
key,1
dirti build prototyp,1
calcul detail,1
final equip layout,1
design innov materi,1
involv electr,1
edge2d,1
thermal manag,1
cabl assembl,1
cnc vmc,1
wing hire,1
design metal,1
pump breakdown,1
line follow,1
action implement,1
hardgood,1
short term project,1
commun data,1
servic engin mechan,1
autocad powerpoint excel,1
part modif,1
draw prepar draw,1
ventil system,1
execut complet control,1
suggest altern cost,1
bio tech architectur,1
regular facil round,1
civil elec chemic,1
mechan qatar,1
15 year,1
ambattur poonamalle,1
research manag senior,1
design activ multipl,1
packag machin pharmaceut,1
dear candid,1
equip boiler,1
multipl divers,1
engin fire,1
dap process,1
contributori health servic,1
immedi,1
onlin registr 24th,1
maintain inventori,1
system inject,1
hindupur,1
keyskil,1
accid free,1
water main steam,1
presenc,1
process technolog,1
standard autocad powerpoint,1
pump compressor gearbox,1
engin client regard,1
design product design,1
energi conserv initi,1
breakdown problem effici,1
protect system water,1
5 establish,1
approv materi,1
laser,1
mechanicalmainten,1
meet custom,1
conduct dfmea,1
custom requir follow,1
plan schedul,1
equip safeti,1
plan meet,1
mechan mainten plastic,1
vendor document,1
hindi verbal,1
locat india develop,1
short notic,1
locat qatar,1
respons associ,1
review problem,1
check project execut,1
dg set,1
supervis amc,1
technic assign involv,1
minim supervis,1
necessari support,1
ensur po,1
column shell,1
written skill,1
revit,1
servic engin,1
netbrain consult,1
desir profil,1
effici manag,1
parti,1
establish line,1
oil petrochem,1
disciplinari team strong,1
award stage,1
transport lab equip,1
traineediploma traine,1
engineerstat senior,1
field experi,1
6 7,1
train class,1
tema ansip,1
7 coordin,1
transport cab,1
tool crane tower,1
control system hydraul,1
latest tqm,1
make skill,1
requir design calcul,1
expans,1
power plant,1
contract personnel,1
solv technic,1
fabric draw,1
proven abil,1
ani engin cad,1
handl oversea,1
qualiti mechan engin,1
recogn engin qualif,1
select candid,1
audit,1
gmp,1
engin fire fight,1
pension scheme ltc,1
supervis small offic,1
calcul tema,1
engin graduat,1
ani issu,1
exampl,1
command,1
testingmateri engineermechan,1
partner,1
fail,1
sound knowledg,1
implement latest,1
latest,1
electron mechan process,1
bid experi,1
follow softwar,1
3 record,1
eb tech mechanicalelectricalmainten,1
prepar test sampl,1
prevent action implement,1
obtain,1
demonstr profici,1
past experi,1
assur,1
design3d mechan,1
bom estim time,1
littl supervis small,1
turbin feed pump,1
ha good experi,1
design detail,1
strong negoti,1
candid visit,1
perform detail design,1
plant maint,1
statu full,1
test automot electron,1
ga power,1
maint engg,1
work resolv,1
superior,1
desir qualiti,1
draft skill,1
perform design,1
appli innov,1
engin 0,1
expens control,1
detail scope,1
agenc,1
intralink,1
quarri crusher,1
function area product,1
batch plant,1
track monitor,1
qualiti depart,1
engin mine equip,1
assign involv,1
conduct applic studi,1
rack thermal manag,1
treatment boiler,1
size scale,1
success complet,1
desk,1
press,1
fertil petrochem plant,1
engin util,1
gener arrang draw,1
ambattur poonamalle oragadam,1
electrician hvac,1
engin fundament,1
nec cec csa,1
cad pro,1
perform detail,1
role industri,1
test develop,1
subsystem,1
manufactur erp process,1
soft,1
eia en etsi,1
evalu recommend,1
part list,1
mainten job,1
qualif document,1
minimum 2 year,1
evalu purchas requisit,1
scheme chss,1
depth knowledg,1
hydrocarbon construct sector,1
review bop mp,1
convey,1
proper,1
final equip,1
system hydraul electr,1
supervis mechan,1
mechan mainten auto,1
mechan engin technic,1
project document vendor,1
punctual,1
plan project execut,1
broad,1
miner,1
mainten plastic industri,1
master project stage,1
machin manufactur compani,1
mechan civil elec,1
passion,1
mechan engin east,1
work manag mi,1
traineediploma traine engin,1
encourag,1
hose,1
sr engin purchas,1
mainten work,1
major equip,1
improv design activ,1
system assembl autom,1
etp wwtp,1
fresh mechan,1
sheet materi requisit,1
engin mechanicalelectr,1
ambattur,1
pipe steel structur,1
relat remedi action,1
prepar hydraul,1
pv,1
complet project,1
layout draw prepar,1
compet,1
calip micro,1
world,1
design modif,1
4 creo,1
consult solut pvt,1
develop materi,1
launch project plan,1
man power,1
outdoor enclosur,1
posit senior reliabl,1
work mechan engin,1
y14 5m,1
instal work,1
interdepartment,1
powerpoint,1
autocad work,1
qualiti check project,1
engin statu,1
4 design,1
fluid mechan overal,1
2 00,1
satisfi,1
pig launcher,1
equip work,1
year work experi,1
team strong understand,1
mechan test,1
assess,1
mechan requir,1
strong decis make,1
client site,1
inspect 33,1
project plan project,1
5 year experi,1
verbal commun skill,1
materi requisit,1
standard ansi nec,1
mnc cochin,1
mobil automat,1
compulsorili residenti,1
indira,1
system level,1
miner feeder,1
engin research,1
engin senior mechan,1
safeti project,1
bd,1
teach bachelor,1
25 00,1
proactiv measur,1
complet respons,1
hr,1
maintanac,1
agit mixer,1
commun data interfac,1
engin calcul,1
complex skill mainten,1
fabric raw materi,1
compressor turbin materi,1
research engin,1
mechan engg,1
real estat sector,1
instal mainten,1
fabric supervis control,1
hand calcul,1
perform complex calcul,1
project ha,1
fmea meet,1
thi job kindli,1
solid edge2d,1
personnel includ,1
electron circuit,1
emerg solut,1
cab avail,1
design materi handl,1
hvac firefight,1
ensur rate contact,1
dure project stage,1
skill level,1
technic specif,1
equip design design,1
rout concept design,1
mainten extrud mainten,1
complet relev manufactur,1
conduct research program,1
bid evalu recommend,1
free transport facil,1
mainten effort,1
junior engin,1
experi holder hard,1
pig,1
loss time,1
mechan engin 1,1
design clearli,1
muslim univers,1
mechanicalpressur,1
life cycl,1
mechan engin 0,1
malayalam speak regular,1
time food transport,1
expert advic,1
storag tank,1
larg manufactur engin,1
pv elit,1
engin liaison,1
busi research,1
relev experi,1
revit mep,1
procur sodexo,1
ltc group,1
product engin,1
plastic sheet metal,1
custom till end,1
10 support intern,1
ro uf,1
smooth interdepartment activ,1
issu packag manufactur,1
train mentor,1
multi disciplinari design,1
plant equip boiler,1
stone quarri,1
equival materi avail,1
rise residenti commerci,1
microsoft offic,1
encourag team personnel,1
33 66,1
fast pace multi,1
tool industri autom,1
equip test,1
btech,1
16 visit,1
knowledg column,1
steel structur,1
system pump,1
grade wax,1
8 plant equip,1
complet electr,1
handl equip agit,1
mechan api industri,1
cad solid edge2d,1
perform instal work,1
cosnult,1
client regard,1
requisit vendor document,1
pension,1
eou,1
erectionmechan engineersolv,1
industri west bengal,1
process machin good,1
