mechanical,136
design,93
engineer,83
maintenance,55
engineering,45
project,40
equipment,39
experience,35
system,31
work,30
drawing,27
manufacturing,24
material,24
technical,23
plant,22
process,21
job,20
production,19
team,19
good,19
mechanical engineer,19
skill,19
engineer mechanical,18
required,18
knowledge,18
mechanical design,17
standard,16
product,16
management,16
problem,16
industry,15
vendor,15
requirement,15
water,14
related,14
activity,14
planning,14
year,14
engineers,13
cad,13
time,13
design engineer,13
handling,13
control,13
skills,12
industrial,12
assembly,12
electrical,12
mechanical engineering,12
perform,11
ensure,11
machine,11
power,11
component,11
development,11
calculation,11
mechanical maintenance,11
quality,11
diploma,11
tool,10
testing,10
candidate,10
working,10
senior,10
review,10
piping,10
analysis,10
customer,10
communication,10
site,10
preventive,9
2,9
breakdown,9
mechanical design engineer,9
documentation,9
hydraulic,9
automobile,9
gas,9
degree,9
auto,9
prepare,9
software,9
tech,8
electro,8
client,8
international,8
plastic,8
technology,8
oil,8
reliability,8
preparation,8
solid,8
electro mechanical,8
utility,8
hvac,8
layout,7
report,7
support,7
environment,7
metal,7
repair,7
facility,7
sheet,7
3,7
pump,7
installation,7
field,7
safety,7
company,7
operation,7
part,7
fabrication,7
mechanical engineers,7
complete,7
department,7
including,7
qualification,7
detailed,7
automation,7
lead,7
pumps,7
material handling,7
excellent,6
ms,6
office,6
approval,6
understanding,6
shift,6
pro,6
maintain,6
autocad,6
treatment,6
execution,6
package,6
5,6
evaluation,6
strong,6
solving,6
research,6
training,6
plan,6
fire,6
engg,6
internal,6
3d,6
high,6
issue,6
selection,6
written,6
coordination,6
stage,6
solution,5
conduct,5
supplier,5
purchase,5
plumbing,5
machinery,5
solid works,5
pay,5
hand,5
civil,5
heat,5
role,5
test,5
manager,5
cost,5
bom,5
monitoring,5
year experience,5
line,5
duty,5
design calculation,5
10,5
compliance,5
action,5
supervision,5
food,5
erection,5
communication skill,5
preparing,5
location,5
projects,5
processing,5
diploma mechanical,5
engineer mechanical maintenance,5
inspection,5
schedule,5
api,5
sheet metal,5
manpower,5
responsibilities,5
functional,5
ability,5
group,5
multi,5
checking,5
works,5
transport,5
problem solving,5
detail,5
study,4
guide,4
type,4
provide,4
description,4
order,4
innovative,4
preventive maintenance,4
engineering design,4
service,4
steam,4
basic,4
auto cad,4
air,4
bid,4
boiler,4
marketing,4
successful,4
daily,4
concept,4
water treatment,4
mechanic,4
mechanical system,4
asme,4
sr,4
design review,4
person,4
procurement,4
multi disciplinary,4
effective,4
proactive,4
senior mechanical,4
date,4
oil gas,4
multiple,4
developing,4
disciplinary,4
area,4
personnel,4
list,4
small,4
minimum,4
responsibility,4
turbine,4
heavy,4
calculations,4
scheme,4
salary,4
compressor,4
costing,4
pneumatic,4
shift engineer,4
desired,4
supply,4
good communication,4
code,4
ga,4
business,4
english,4
static,4
adherence,4
lead engineer,4
rotating,4
opening,4
production manufacturing,4
delivery,4
construction,4
technician,4
tema,4
mnc,3
handling equipment,3
reports,3
equipments,3
fresher,3
india,3
concept design,3
condition,3
creo,3
discipline,3
cross,3
job title,3
free,3
meet,3
master,3
engineer diploma,3
engineerstatic,3
principle,3
team player,3
designing,3
ds,3
analytical,3
00,3
heating,3
mep,3
initiative,3
lift,3
detail drawing,3
ii,3
complex,3
evaluate,3
opportunity,3
manufacturing process,3
assigned,3
export house,3
cross functional,3
level,3
breakdown maintenance,3
sample,3
chemical,3
preferably,3
data,3
stress,3
sc,3
detailed design,3
years,3
scale,3
main,3
hydraulics,3
troubleshooting,3
en,3
mechanical equipment,3
layout drawing,3
cooling,3
mining,3
proficiency,3
inventor,3
hydraulic system,3
shop,3
maint,3
title,3
reading,3
efficiently,3
allowance,3
solidworks,3
develop,3
document,3
assist,3
improvement,3
instrument,3
vacuum,3
verbal,3
senior mechanical engineer,3
pharmaceutical,3
supervising,3
equipment design,3
optical,3
electro mechanical design,3
multi disciplinary team,3
follow,3
mechanical piping,3
senior reliability engineer,3
electromechanical,3
thermal,3
interpersonal,3
status,3
generation,3
house,3
bill,3
circuit,3
feeder,3
norms,3
stp,3
bachelor,3
vacuum pumps,3
mechanical automobile,3
material selection,3
product design,3
essential,3
qatar,3
ppm,3
reliability engineer,3
visit,3
injection,3
corrective,3
application,3
industrial automation,3
efficient,3
indian,3
ga layout,3
equivalent,3
disciplinary team,3
implementation,3
apply,3
production quality,3
direct,3
engineering mechanical,3
senior reliability,3
day,3
reliability engineer mechanical,3
electronics,3
5 year,3
problem solving skill,3
existing,3
meeting,3
project execution,3
shift engineer mechanical,3
hiring,3
solving skill,3
deliver,3
regular,3
etp,3
pump compressor,3
packaging,3
proposal,3
player,3
project planning,3
build,3
qualified,3
position,3
graduate,3
petrochemical,3
crusher,3
export,3
material handling equipment,3
system design,2
updated,2
performs,2
manner,2
estimated,2
10 year,2
technique,2
word,2
good interpersonal skill,2
good analytical problem,2
scheduling,2
drive,2
orthopedic mechanical design,2
microprotol compress aspen,2
work closely,2
operations,2
personal,2
writing,2
heat treatment,2
cad tool,2
structural,2
laboratory,2
assignment,2
degree diploma,2
estimate,2
wanted,2
machining,2
grade,2
needed,2
fire fighting,2
deliverable,2
responsible,2
phase,2
oriented,2
sound,2
skills required,2
contact,2
panel,2
involving,2
maintenance engineering,2
equipment required,2
preferred,2
12,2
industrial engineer,2
automatic,2
food industry,2
mandatory,2
execute,2
sofomation,2
wtp,2
machine maintenance,2
2 year,2
improve,2
customer support,2
alternate,2
design activity,2
basis,2
extraction,2
api industry,2
tank,2
procedure,2
system engineering,2
gandhinagar,2
inventory,2
material handling solution,2
sp ms,2
installation operation,2
effectively,2
transmission line,2
ownership,2
previous,2
practice,2
potential,2
east,2
cad software,2
good communication skill,2
performing,2
freshers,2
microprotol,2
work management,2
class,2
fork,2
input,2
heat treatment furnace,2
expertise,2
component selection,2
check,2
interested,2
analytical problem,2
project site,2
microprotol compress,2
solve,2
senior engineer,2
plant system engineering,2
cooling towers,2
ga layout drawing,2
international code,2
advantage,2
servicing,2
trouble,2
minimal,2
trend,2
manufacturing maintenance,2
transportation,2
analytical problem solving,2
cross functional team,2
studies,2
ipr,2
engineeringmechanical,2
stress analysis,2
conveyors,2
scope,2
towers,2
effort,2
air conditioning,2
reviews,2
equipment ga layout,2
making,2
experience skills,2
designer,2
man,2
sp,2
truck,2
plant equipment,2
monitor,2
civil electrical,2
crushers,2
regulation,2
boq preparation,2
treatment furnace,2
lab,2
pune,2
place,2
work experience,2
speaking,2
creation,2
condition monitoring,2
short,2
functional area,2
15,2
catia,2
conflict resolution,2
1,2
prior,2
performance,2
track,2
compress,2
blowers,2
compress aspen,2
professional,2
certification,2
drawings,2
quickly,2
surface miners feeder,2
closure,2
manpower management,2
attitude,2
reputed,2
infrastructure,2
online,2
dispatch,2
details,2
informed,2
defined,2
prototype,2
external,2
8,2
technical evaluation,2
operate,2
daily work,2
program,2
stipend,2
boq,2
project costing,2
diploma mechanical engineers,2
productively,2
injection molding,2
components,2
model,2
surface miners,2
pallet,2
amc,2
output,2
mechanical design review,2
repair work,2
presentation,2
main plant,2
update,2
pallet truck,2
heater,2
technically,2
waste,2
applying,2
sales,2
waste water,2
ansi,2
job involves,2
building,2
requisition,2
overseas,2
resolution,2
activities,2
functional team,2
cable,2
planning project,2
method,2
vendor development,2
good analytical,2
trainee,2
0,2
job title mechanical,2
amc vendor,2
good written,2
plant system,2
title mechanical design,2
tracking,2
shooting,2
design layout,2
maintenance engineer,2
carpentry,2
calculation stress,2
energy,2
manpower planning,2
miners feeder,2
conditioning,2
allocation,2
statutory,2
qualification degree,2
wtp stp,2
leading,2
feed,2
process equipment,2
commissioning,2
treatment system,2
corrective preventive action,2
relationship,2
corrective preventive,2
industry material,2
material handling conveyors,2
mobile,2
getter,2
exp,2
reheat,2
completion,2
working knowledge,2
executive,2
closely,2
resolve,2
pneumatics,2
gas turbine,2
3d cad,2
expert,2
aspen,2
optical mechanical,2
interface,2
customer requirement,2
vessel,2
project stage,2
conveyor,2
pc,2
reduction,2
refrigeration,2
po,2
important,2
prepare design,2
engineersolving,2
ready,2
mechanical engineer diploma,2
modification,2
conflict,2
handling conveyors,2
purpose,2
orthopedic,2
job involves traveling,2
technicians,2
reviewer,2
contractor,2
emergency,2
design design,2
urgent,2
compressors,2
proficient,2
inter,2
operation maintenance,2
block,2
risk,2
ppap,2
preventive action,2
ms office,2
record,2
type heat,2
junior,2
middle,2
similar,2
display panel,2
role category,2
energetic,2
independently,2
depth,2
sector,2
supervise,2
engineer purchase,2
include,2
automotive,2
vendor drawing,2
miners,2
timely,2
transmission,2
traveling,2
vehicle,2
industry material handling,2
involves,2
manage,2
orthopedic mechanical,2
manufacturer,2
work planning,2
project management,2
tax,2
title mechanical,2
furnace,2
profile,2
attend,2
specifications,2
educational,2
fighting,2
institute,2
mentioned,2
2015,2
cutting,2
sheetmetal,2
kaizen,2
experienced,2
production manufacturing maintenance,2
design development,2
power system,2
vendor management,2
heat exchanger,2
interaction,2
manufacturing engineering,2
set,2
ordinate,2
condensate,2
dear,2
completed,2
opto,2
interpersonal skill,2
estimated time,2
updating,2
sourcing,2
mining equipment,2
participate,2
breakdown analysis,2
project documentation,2
type heat exchanger,2
built,2
staff,2
water treatment system,2
exchanger,2
national,2
routing,2
routine,2
graduate mechanical,2
implementing,2
distribution,2
involves traveling,2
ww,2
planned,2
display,2
mechanical maint,2
relevant,2
control system,2
recognized,2
engineer projects,2
good interpersonal,2
maintenance plant,2
water system,2
apqp,2
fork lift,2
surface,2
software autocad,2
member,2
schematic,2
http,2
maintenance activity,2
center,2
trouble shooting,2
log,2
breaker,2
negotiation,2
ehs,2
engineers required,2
residential,2
book,2
molding,2
term,2
equipment ga,2
opto mechanical,2
cochin,2
university,2
static equipment,2
handling solution,2
leader,2
piping engineers,2
pressure,2
processing industry,2
column,2
mechanical piping engineers,2
tech mechanical,2
pump water,2
daily work management,2
cost effective,2
education,2
variety,2
category,2
exposure,2
water tank,1
processing machine good,1
valve,1
build maintain,1
deliverable conduct,1
equipments required,1
communications skills,1
child,1
desirable,1
jac,1
similar project,1
design work,1
perform installation,1
improve reliability,1
technology sheet metal,1
health service scheme,1
sheetmetal auto desk,1
liasoning,1
proto type,1
worked,1
poorly,1
manufacturing assembly dfma,1
online registration 24th,1
potential problem,1
traineediploma trainee,1
paced multi,1
making skill,1
procurement activity,1
handling overseas,1
feed water,1
root blowers,1
quality product,1
adaptable,1
execution stage,1
sheet material,1
agitator,1
design proposal,1
layout ga layout,1
processing machine,1
status full,1
conveyor sp ms,1
good drafting,1
positive attitude,1
dukhan fields,1
cutting listing,1
shielding,1
engineeringmechanical manufacturinghardgoods,1
quick pace,1
blower hvac,1
rise,1
multidisplinary,1
batching plant stone,1
feasibility studies dp,1
proper packaging,1
result oriented person,1
press tool,1
electronics manufacturing industry,1
making design,1
trade,1
erection personal,1
mills kiln seals,1
school,1
supports production,1
5m standard,1
maintenanceutility maintenance,1
erp process,1
hr,1
pumps root,1
wanted graduate mechanical,1
instruments vernier,1
laser,1
man hour estimate,1
required manufacturing,1
gandhinagar 382,1
short notice,1
injection system heating,1
bs en,1
manages scheduled,1
category engineering,1
scheme facility,1
engineer mechanical static,1
cabling,1
manufacturing erp process,1
drains vents,1
3yrs,1
cosnultants,1
feasibility,1
disciplined,1
electricians,1
possess electro mechanical,1
safe,1
prepare tba,1
national oil,1
holder hard,1
machines,1
mechanical engineer mechatronics,1
update drawing,1
vendor including requirement,1
working experience,1
produce visual,1
ordinate maintenance,1
inverters transmission line,1
specification,1
selected,1
material fabrication,1
guide junior,1
maintenance work,1
waste water plant,1
child transport,1
ms word format,1
fabrication issue,1
http ww,1
heavy engineering pro,1
edge2d design3d,1
specialist,1
mechanical hydraulic pneumatic,1
cad tool preferably,1
simultaneously,1
error,1
injection molding process,1
layout drawing preparing,1
met,1
sustainability,1
protection,1
moradabad based,1
level efficient running,1
effective design,1
activities include,1
ansip design engineering,1
establishment,1
cement erection,1
tech mechanical civil,1
piping steel,1
indent,1
balance,1
high level,1
degree diploma mechanical,1
supervision man power,1
drawing working,1
completed relevant,1
recognized engineering,1
essential functions,1
mid scale project,1
walkin,1
program risk advise,1
conveying system,1
condensate feed water,1
mentor,1
heating ventilating,1
high current,1
technical point,1
role category production,1
adopting,1
diploma mechanical engg,1
catia hypermesh,1
condensate pumps,1
external customer,1
ansip design,1
manufacturingvehicle,1
site mechanical,1
proactive maintenance,1
hydraulic circuit design,1
related duty,1
mechanical installation operation,1
advise stakeholder,1
fertilizer petrochemical plant,1
pump compressor steam,1
tech architectural,1
unit,1
ideal candidate,1
emi shielding,1
lecture,1
ranchi,1
desired profile,1
poonamallee oragadam irrungattukottai,1
academic requirement,1
achieve,1
sound knowledge,1
analyze,1
list requirement,1
high voltage high,1
year practical,1
asset,1
vessel column shell,1
process workflow,1
vacuum pumps breakdown,1
worker honest,1
attractive,1
coupled,1
standardized,1
appointment placement,1
repair work related,1
machine machine,1
hydraulic routing,1
hydraulic pneumatic,1
aware,1
weldment assembly hydraulic,1
tools cranes,1
major equipment,1
iv,1
plan design,1
manager senior engineer,1
summary,1
ds system,1
proposal drawing,1
operate engineering subsystem,1
written communication,1
bom estimated time,1
health service,1
creatively,1
cnc vmc,1
managing team,1
internationally recognized,1
machining injection,1
design layout drawing,1
root,1
ppap approval,1
cost effective design,1
manage facility,1
vendor development activity,1
internal inspection,1
vacuum pumps root,1
physicists mechanical,1
india overseas,1
opto mechanical production,1
develop written,1
05 year,1
protection system,1
collaborate,1
documentation updation,1
reviewing,1
lift mechanism,1
scientist engineer sc,1
mobile tablet,1
aligarh muslim university,1
understands project,1
ansi nec,1
2015 qualified,1
service engineer mechanical,1
end,1
institute innovative,1
engineer 99584152,1
manufacturing company,1
awareness,1
job including civil,1
defined quality parameters,1
disciplinary team strong,1
fertilizer petrochemical,1
supervising amc,1
hot,1
glass,1
gate,1
preferable,1
hardgoods,1
testing support,1
mechanicalmaintenance,1
development process,1
7 year,1
engg mechanical,1
pig,1
catia pro,1
experience applying electro,1
carpentry work,1
methodology,1
functional area production,1
plant oil,1
rotary feeder,1
machines pharmaceutical,1
assembly testing 1,1
creo 2 creo,1
time sensitive,1
work productively,1
operation heavy construction,1
maintenance plant engineering,1
excellent communication skill,1
dap process,1
broad understanding,1
approving executive layout,1
front office executive,1
ww sofomation,1
mechanical rotating packages,1
free execution,1
comprehensive mechanical engineering,1
complexity,1
implementing latest tqm,1
mechanical equipment facility,1
3d software,1
tqm,1
schematic ec,1
treatmentsewage,1
highway bhat,1
civil maintenance,1
executed,1
interpretation,1
isometric,1
electrical component,1
satisfied,1
quality manufacturing,1
mep software,1
generation transportation processing,1
machine good interpersonal,1
free transport,1
discipline gate 2015,1
ro uf,1
purchase manager,1
sharing knowledge,1
gearbox,1
multidisplinary interface knowledge,1
fit,1
gross pay,1
control plans meeting,1
resolution manpower,1
including requirement,1
documentation updating,1
odm partner,1
boiler water waste,1
spoken,1
knowledge plate type,1
vents,1
building prototype performing,1
report drawings,1
strength,1
good inter,1
tool machine,1
analysis sheet,1
calculation stress analysis,1
manages scheduled condition,1
10 required,1
skill oral,1
erectionmechanical engineersolving,1
critical responsibilities,1
break,1
9,1
deliver planned,1
amc vendor including,1
mechanical safe system,1
township,1
vessel column,1
site planning,1
working drawing,1
works experience,1
edge,1
technical supervisors,1
preparation checking,1
manager senior,1
ventilation,1
educational qualification,1
complex plant,1
mechanical maintenance plastic,1
refinery expansion fertilizer,1
conveyors fork,1
engineer mechanical rotating,1
engineering expertise,1
column shell,1
companies,1
train,1
mechanical reliability,1
3 0,1
handling multi,1
technical specifications bid,1
perform duty,1
program applying principle,1
generation boiler water,1
autocad solidwork,1
updated resume,1
enclosure,1
equipment related piping,1
company providing job,1
drawing reading,1
selected candidate,1
rs,1
cad solid,1
application study,1
tool instrument,1
technical assignment involving,1
breakdown problem,1
automotive electronics production,1
specialties,1
testing 1,1
opto mechanical assembly,1
fluid mechanic,1
skills desired,1
size,1
mining standard,1
plastic industry west,1
wastage entry,1
tank filter manually,1
respective trade,1
telecommunication,1
exprerience,1
dfm dfa,1
environment maintenance,1
plant operation,1
hypermesh,1
works preferred mandatory,1
preparing apqp,1
expense control,1
mastering,1
engineering liaison,1
sc engg mechanical,1
electricals mechanical,1
pro intralink,1
drawing qualified,1
engineer projects mechanical,1
written communication skill,1
treatmenteffluent,1
role senior,1
evaluation purchase requisition,1
shift fire,1
involve,1
7,1
filter,1
complete electrical,1
complex calculation,1
website ww sofomation,1
diverse short,1
transaction,1
man power,1
duty time,1
machinery standard ansi,1
consulting solutions,1
accommodation provided,1
salary tax free,1
welding material,1
primary,1
title shift engineer,1
diploma graduation,1
overseas country,1
ehs norms,1
support engineering activity,1
executive layout,1
drawing input,1
breakdown preventive maintenance,1
5 diploma mechanical,1
detailed design layout,1
solutions pvt,1
electronic,1
solving skill involving,1
distribution cabling,1
deliver product,1
log book,1
en etsi,1
evaluation installation operation,1
charge equipment history,1
desk inventor sheetmetal,1
site related activity,1
interpersonal skills,1
towers compressors ah,1
strong technical,1
25 00,1
drawing working drawing,1
raw material cutting,1
fitters,1
real estate sector,1
10 15 year,1
testing cad pro,1
ms word,1
subsidized canteen,1
en manufacturer standard,1
metal rubber hoses,1
mechanical data,1
consultants hiring,1
3 0 auto,1
development modifying,1
proven ability,1
required experience skills,1
verse awareness,1
engineer opto mechanical,1
control description technical,1
engineer mining,1
data collection,1
target,1
field issue cost,1
statutory related document,1
distribution cabling indoor,1
layout drawing study,1
good team player,1
planning project management,1
2 year work,1
traineediploma,1
selection costing,1
bridge,1
breaker communication data,1
fashion,1
customer management,1
air cooler ejector,1
raw,1
safety standard,1
completed relevant manufacturer,1
2d 3d drawing,1
ensures,1
plant design,1
code standard,1
sensitive deadline,1
cad cam manufacturing,1
blowers rotary feeder,1
tax free,1
ensuring,1
vernier caliper,1
bengal,1
job requirement,1
inspection instruments vernier,1
machine welding,1
resource allocation,1
heavy construction,1
site engineer,1
technical reports,1
mechanical ventilation,1
prepare estimate,1
pumps compressorsmechnical,1
maintenance extruder maintenance,1
extending,1
water treatmenteffluent treatmentsewage,1
pumps breakdown,1
complete electrical component,1
machinery standard,1
blower hvac utility,1
compressorsmechnical maintenanceutility maintenance,1
maintaining mechanical utility,1
stp fire,1
assisting,1
report preparation,1
3 12 year,1
fitter,1
alarm,1
evaluation purchase,1
rotary,1
subsidized canteen facility,1
minimum 2,1
scientist engineer,1
tax duty,1
machine tool industrial,1
job production,1
left,1
registration 24th,1
industry west,1
relative,1
project execution completion,1
supply chain,1
engineering qualification,1
entry analysis,1
cooling towers utility,1
equivalent material,1
item,1
2 creo,1
work location,1
packaged,1
nec,1
testing automotive electronics,1
solutions,1
mechanical maintenance auto,1
air package,1
pig launcher receiver,1
test samples,1
manufacturing issue,1
milk processing industry,1
software solid,1
metal forming,1
crusher pneumatic conveying,1
gas project,1
aeronautical engineers,1
helpdesk,1
versed,1
speaking arabic,1
valve strainer,1
netbrains consulting solutions,1
team center,1
location chinchwad pune,1
handle,1
equipment testing,1
online http,1
mechanicalelectrical,1
design engineer electro,1
india development,1
aligarh,1
plate,1
eia en,1
engineering pro,1
reviewer bop,1
testing development product,1
dg,1
skills required manufacturing,1
change order,1
dc,1
engineerstatic mechanicalpressure vessel,1
product related field,1
competitive,1
job opportunity,1
professional engineer status,1
work allocation,1
dp,1
agency,1
02 05 year,1
knowledge coordination,1
oil gas power,1
bhat gandhinagar,1
fresh mechanical engineering,1
hvac maintenance,1
emi,1
auto desk inventor,1
complete servicing,1
oriented person,1
managerial review,1
maximum output level,1
isometric drawing,1
mechanic thermodynamics,1
location india development,1
team technically,1
respond,1
design equipment,1
utility package,1
recognized engineering qualification,1
product project,1
meeting leader,1
aligarh muslim,1
plumbing carpentry,1
purchase sourcing,1
equipment boiler steam,1
design customer,1
ventilation system fire,1
repair preferably,1
high level proficiency,1
02,1
electricians hvac technicians,1
breakdown analysis fa,1
display panel equipment,1
cold reheat,1
heater drains,1
attractive salary,1
plastic component,1
mechanical engineer shift,1
arabic,1
teaching,1
qualification documentation,1
maintenance dg sets,1
conceptual,1
erection testing,1
fabrication supervision,1
plate type heat,1
engineer educadd pune,1
specialty,1
area engineering design,1
software skills,1
maintenance dg,1
stakeholder,1
material bom,1
assembly automation,1
bridge gandhinagar highway,1
research engineer,1
engineer 1 2,1
382,1
practice relating,1
windows,1
record order equipment,1
civil elec chemical,1
faced,1
pump compressor gearbox,1
designing material handling,1
stage serial production,1
compliance related,1
undertaking manpower,1
country,1
vibration,1
forklift pallet,1
drawing shop,1
machine maintenance repair,1
participating,1
conduct dfmea,1
life cycle,1
engineering activity,1
high current distribution,1
receiver,1
status full time,1
design applies innovative,1
prepare proposal drawing,1
magnetics,1
treatment furnace area,1
development center,1
stress calculation,1
erection work,1
improving,1
engineers mechanical,1
anf,1
project site engineer,1
maintenance installation,1
reliability quality,1
nec cec csa,1
developing material,1
clarify design,1
support solid works,1
required compliance,1
100,1
detailed engg,1
mep bim,1
5m,1
ease,1
clarify,1
process engineering,1
1 2,1
undertaking manpower planning,1
punctual,1
blower,1
cross functional initiative,1
engineering students,1
cable assembly,1
statutory norms,1
chemical bio,1
flexible,1
automation system,1
vacuum pumps servicing,1
engineering expert,1
website,1
life,1
analysis required,1
support compliance certification,1
optical test,1
ownership coupled,1
worker,1
ensure po,1
requisition technical evaluation,1
cad solid edge2d,1
accident free,1
communication skill oral,1
apply online http,1
trainee engineer,1
compressor steam generation,1
pneumatic conveying,1
heavy machinery,1
equipment agitator mixer,1
compiling test,1
category production,1
approving executive,1
machining injection molding,1
launcher,1
plasma,1
design criterion required,1
takewing,1
gas professional,1
accurate record order,1
fresher engineer,1
flexible team,1
10 year practical,1
applies,1
malayalam,1
supplier audit,1
autodesk inventor,1
vendor complete servicing,1
extruder,1
pumps compressorsmechnical maintenanceutility,1
performing equipment,1
engineeringmechanical engineer automobile,1
duty related,1
interface emi,1
detail drawing bom,1
australia,1
preparation cost,1
ad merkblatter,1
mechanical chemical,1
ic,1
young energetic,1
manager marketing,1
id,1
decision making skill,1
manufacturinghardgoods,1
crusher mechanical,1
specialization,1
testingmaterials engineermechanical software,1
suggest,1
technical issue,1
din en,1
10yrs,1
client details,1
service scheme,1
electro mechanical portion,1
mechanical maint handling,1
ambattur poonamallee oragadam,1
pay band3,1
instrumentation,1
creo creo,1
university degree,1
fuse,1
liaises,1
mechanical cadd engineer,1
cad designer,1
master room,1
cycle,1
term project,1
system hydraulics,1
quickly develop,1
transport vehicle,1
innovative material handling,1
prioritize,1
manufacturing process knowledge,1
metal press,1
qualification degree diploma,1
checking compliance,1
english language,1
indian standard,1
forming machining,1
directly,1
aproductive plant,1
automobile engg,1
hse requirement,1
system solution,1
design engineer hyderabad,1
engineer marketing engineer,1
control technical,1
writing feasibility,1
services contracting procurement,1
cranes tower mobile,1
skills problem solvingcement,1
aggregate,1
educadd pune,1
develop written plan,1
dfa dfr,1
band3,1
laptop,1
plastic manufacturing,1
efficiently perform,1
govt,1
diverse short term,1
oil gas project,1
identify,1
2 creo 3,1
component hydraulic,1
4 creo creo,1
tat,1
autodesk inventor sheet,1
workflow drawing manufacturing,1
autocad working,1
remedial,1
monitored,1
bd loss time,1
mix,1
ltc group linked,1
mnc client,1
autocad design,1
wings,1
rack thermal,1
utilization,1
autocad catia hypermesh,1
etp stp,1
http ww ipr,1
maintenance indian,1
usable,1
casting,1
scheduled condition,1
stpi,1
model assembly,1
measurement,1
including troubleshooting,1
book allowance,1
fluent reading writing,1
auto desk,1
supervisors,1
autocad solidwork projects,1
extruders mixers,1
engineermechanical software,1
supervisory,1
process export,1
scheduled condition monitoring,1
occurring,1
production line,1
international experience,1
engineering erection,1
company required staff,1
ansys unigraphics,1
quickly develop depth,1
production maintenance plant,1
drawing shop drawing,1
cooler,1
bio tech,1
plant engineering,1
engineer direct walkin,1
3d model,1
pump compressor turbine,1
accuracy,1
reviewer bop mps,1
bid evaluations,1
project execution environment,1
automotive telecommunication power,1
prepare report,1
amc vendor complete,1
engineer mechanical engineering,1
caliper,1
manufacturing stage,1
customer till,1
consultants,1
responsible engineer lead,1
support engineering,1
reports writing feasibility,1
engineer mechatronics,1
industrial instrumentation production,1
plastic industry,1
product assessment,1
maintenance operations project,1
powerpoint excel,1
assist guide,1
construction sector,1
proceeding,1
10 years,1
data interface,1
product assessment evaluation,1
engineer contractual,1
tech robotic,1
boiler water,1
strategically source,1
mechanical engineering technical,1
mechanical piping engineer,1
compiling,1
productive plant,1
enclosure rack thermal,1
autocad catia,1
nitrogen package water,1
preventive routine,1
dukhan,1
product development,1
paint chemical petrochemical,1
hse,1
operations project,1
obtain,1
rate contact,1
graduates,1
smooth interdepartmental activity,1
binder,1
engineer diploma fresher,1
salary 2 00,1
architectural,1
engineersolving engineersolving,1
preventive maintenance activity,1
power system experience,1
service scheme chss,1
management component,1
engineer senior,1
wanted qualified,1
hard,1
cstatic engineerstatic design,1
engineer shift,1
works mechanical engineering,1
job vacancy,1
cost effective manner,1
reheat extraction steam,1
tpm kaizen,1
mechanicalcustomer management,1
material engineering change,1
ds pf,1
technical evaluation purchase,1
requisition vendor,1
regular facility round,1
middle east,1
consulting,1
asme tema api,1
time study,1
sample transport,1
thermodynamics hydraulics heat,1
prototype performing,1
machine machine tool,1
mechanical engg,1
treatment system etp,1
fluent reading,1
iv job,1
apply online,1
15 engineer,1
record problem faced,1
filter manually,1
mbr,1
windchill pro,1
attending,1
site mechanical engineer,1
design innovative,1
small entrepreneurial atmosphere,1
customer place,1
construction coordination,1
conservation,1
engineer hyderabad,1
strong decision making,1
uk australia,1
prepare hydraulic,1
check project,1
responsible engineer,1
offer,1
forming,1
water main,1
engineer electro,1
mechanical maintenance engineer,1
updating documentation,1
equipments tools,1
machine shop,1
ec ns,1
fire alarm,1
speaking regular,1
development solving technical,1
y14 5m standard,1
placement,1
water system pump,1
local liasoning,1
ensure accident free,1
participate effectively,1
protection system water,1
defined quality,1
ga drawing,1
full,1
mtbf timing,1
assessment,1
effective working,1
ad merkblatter bs,1
maximum,1
prepare test samples,1
bridge gandhinagar,1
safety procedure,1
year work experience,1
0 3yrs,1
lean thinking,1
design calculation stress,1
mechanical control system,1
conduct application,1
power generation transportation,1
oil gas companies,1
level calculation,1
ds pf ds,1
idea generation,1
condensate pumps heaters,1
store,1
specialty field,1
package nitrogen,1
mechanical testingmaterials engineermechanical,1
industrial instrumentation,1
supervising amc vendor,1
maintenance engineering mechanicalelectrical,1
engineer attribute,1
front office,1
breakers crushers,1
posting,1
regulations,1
33 66 132,1
mttr,1
category production manufacturing,1
excel,1
control engineer,1
multiple sourcing exercise,1
gas automobile work,1
hotel block,1
detailed scope,1
ns,1
guide small team,1
2015 qualified candidate,1
inventor sheet metal,1
engineer forklift pallet,1
deliver product design,1
cab,1
weld symbol,1
manufacturing production quality,1
global presence,1
utilities,1
atleast 02,1
mechanical cadd,1
3 12,1
engineers 0 3yrs,1
engineer mining equipment,1
field issue,1
verbal communication skill,1
dissipation,1
system machinery,1
large manufacturing,1
rise residential commercial,1
2 yrs,1
ready mix,1
location chinchwad,1
drawing detail,1
3d cad design,1
panel equipment testing,1
oragadam,1
prototype performing wire,1
engineer sr,1
assigned responsibility,1
job opening,1
timely fashion,1
detailed manufacturing drawing,1
back,1
required inspection 33,1
risk advise stakeholder,1
decision,1
paced,1
compiling test report,1
electronic circuit functionality,1
chain,1
professional engineer,1
assembly dfma,1
career html,1
global,1
engineer east africa,1
focus,1
product engineer opto,1
process engineer,1
deadline,1
milk,1
personal skills,1
fire protection system,1
packaging manufacturing,1
maximum output,1
main steam hot,1
hvac technicians fitters,1
charge,1
furnace area,1
ms automation,1
fabrication bill,1
short term,1
plumbing project,1
doubt ambiguity problem,1
knowledge training,1
system design component,1
cnc,1
internal inspection report,1
visual interpretation,1
company benefits,1
contributory health service,1
phasing,1
mechanical engineeringmechanical,1
mechanical set,1
erection testing commissioning,1
stays,1
energy conservation initiative,1
machineries,1
vlite microprotol compress,1
equipment erection work,1
8 guide small,1
din,1
hour,1
die,1
category engineering design,1
handling conveyors sp,1
covering,1
equivalent knowledge,1
autocad powerpoint,1
quick,1
power system solution,1
basis report,1
round,1
supervise maintenance,1
action required,1
software testing automotive,1
cstatic,1
00 3,1
standard ansi,1
environment norms,1
block hotel,1
vendor drawing review,1
forklift pallet truck,1
vendor management conflict,1
shop drawing,1
uk,1
management consultants hiring,1
equipment safety,1
handling equipment agitator,1
engineering research engineer,1
engineer lead,1
contracting procurement,1
assistance,1
contracted,1
encourages team,1
checking compliance related,1
current,1
assembly hydraulic routing,1
interface emi shielding,1
keyskills,1
direct walkin,1
principal,1
basic knowledge,1
ensure adequate inventory,1
handling air cooler,1
valve strainer specialties,1
mechanical engineering support,1
safety project planning,1
compulsorily residential,1
qualified part list,1
include calculations,1
change,1
multi party vendor,1
box,1
design concept,1
chillers,1
design component,1
incoming,1
material requirement,1
bop,1
report directly,1
competency,1
software testing,1
recruitment company providing,1
auto cad hvac,1
junior engineer,1
engineer hvac,1
engineering mechanical engineering,1
shop floor,1
strong negotiation,1
history,1
machine tool,1
chillers pumps,1
mttr mtbf timing,1
tasks,1
raise,1
team good,1
automobile work closely,1
proportion,1
towers compressors,1
related design,1
engineer status,1
modifying,1
required back,1
mechanical engineer projects,1
duty time food,1
24th july 2015,1
electricals mechanical engineering,1
operational,1
presentation skill,1
assembly work,1
maintenance plastic,1
prepare report maintain,1
technology investigation,1
solid works preferred,1
positive,1
company providing,1
diploma holders,1
team strong understanding,1
automobile mechanical,1
handles,1
candidate requirement,1
bid evaluation recommendation,1
preventive action implementation,1
engineering degree,1
mep bim project,1
reactive maintenance,1
sharing,1
system injection system,1
engineerstatic senior,1
getter result,1
acceptable,1
approving,1
electronics manufacturing,1
investigation,1
process control,1
part related,1
windows environment,1
requisition vendor document,1
performs complex calculation,1
working exposure,1
sc engg,1
good inter personal,1
design calculations,1
personal skills interpersonal,1
mechanical api,1
cam,1
support internal,1
12 years,1
5400 gross pay,1
electrical electronic,1
specialist experience,1
schematic ec ns,1
including component selection,1
engineer shift engineer,1
sense,1
plate type,1
iso din,1
related mining standard,1
past,1
irrungattukottai,1
establish effective working,1
title shift,1
asme tema,1
works mechanical,1
description technical,1
original,1
ansi nec cec,1
stores management,1
approve material,1
commercial township,1
till,1
pioneer management consultants,1
criterion,1
institute innovative design,1
evaluate maintenance,1
complete project,1
pump water treatment,1
verification testing support,1
costing project documentation,1
effective learner,1
oil gas automobile,1
aggregate mark,1
respective,1
maintenance repair,1
proactively,1
project planning project,1
multi disciplinary design,1
tower mobile automatic,1
personnel including,1
regulation certification,1
meet desired,1
tool preferably inventor,1
arrangement drawings,1
calculation material selection,1
program risk,1
air conditioning power,1
trains mentor,1
levels,1
good communications skills,1
plasma research,1
fluent,1
contractors,1
shop drawing working,1
fire safety,1
maintenance maintenance,1
treatment equipment plant,1
structural design,1
travel,1
design engineer solidworks,1
material process,1
repairing laboratory equipment,1
engineers maintenance industrial,1
coordinating,1
skilled maintenance,1
added advantage,1
lead engineer reviewer,1
costing project,1
guide small,1
nitrogen,1
recommends solution,1
petrochemical plant oil,1
technical business,1
good communicator,1
heat transfer,1
derive,1
internationally,1
equipment erection,1
mechanical engineering research,1
scheme children,1
personnel problem,1
utility plant,1
creatively solve,1
design engineer forklift,1
material substitution,1
processing industry operation,1
maintenance hvacahu cooling,1
supervise service,1
listing,1
root blowers rotary,1
mechanical design applies,1
conveying,1
task project,1
ms office essential,1
training comprises,1
high standard,1
inventor sheetmetal,1
utility equipment,1
2d 3d,1
system heating,1
engineeringcompanies excellent control,1
organization,1
calculations tema ansip,1
maintaining,1
possess,1
procurement sodexo,1
desigen,1
ensure energy conservation,1
adopting process engineering,1
cam manufacturing process,1
air package nitrogen,1
sop,1
perform duty related,1
bachelor degree,1
piping engineering,1
component magnetics,1
mark,1
disciplinary design coordination,1
cec csa,1
test results retest,1
prepare test,1
maintenance personnel,1
analysis fa,1
industry trend,1
engineersolving mechanicalcustomer management,1
individually,1
solidwork projects,1
yr exp,1
hydraulic circuit,1
work order,1
ec,1
eb,1
create,1
vegetarian food,1
doubt ambiguity,1
tech architectural plastic,1
manufacturing industrial,1
themechanical,1
fabrication raw material,1
original certificate,1
project manager,1
potential personnel,1
plans,1
reducing,1
maint handling,1
cooling towers compressors,1
inter discipline,1
factory,1
soft tool,1
tool method standard,1
holder hard worker,1
design calculation detailed,1
production engineeringmechanical engineer,1
wide,1
press tool machine,1
technical skill,1
change order eco,1
projects planning,1
correct,1
pr po conversion,1
draftsman,1
experienced candidates,1
erp,1
installation work,1
supervision small office,1
pumping,1
diagnostic,1
major equipment working,1
developing mechanical,1
compressorsmechnical maintenanceutility,1
weldment assembly,1
cad designer engineer,1
e1,1
accommodation,1
metal press tool,1
partner,1
breakdown maintenance blowers,1
technical experience,1
east africa,1
language,1
fa,1
valid,1
renewal,1
general arrangement drawings,1
honest,1
design engineerstatic,1
ansys,1
promotion,1
reheat cold reheat,1
assist marketing,1
initial,1
saving,1
display panel internal,1
team good written,1
predictive,1
main plant equipment,1
engineering process,1
job location qatar,1
power supply,1
automation pick,1
remediation,1
industrial pump,1
resolve technical,1
operate engineering,1
transport lab equipment,1
comprises,1
3d model assembly,1
rotating equipment,1
lab equipment,1
repair mechanical,1
ms windows environment,1
drawing detail drawing,1
uf mbr,1
house mechanical engineeringmechanical,1
design layout ga,1
hand drawing,1
dispatch assembly,1
required binder,1
mobile automatic concrete,1
0 auto,1
physicists,1
fresh mechanical,1
motivated,1
pumps condensate,1
plant equipment boiler,1
cadd engineer,1
continuous,1
functional area engineering,1
disciplinary design,1
optical test equipment,1
design equipment design,1
tube type heat,1
design technical,1
production mechanical,1
holder,1
system hydraulic,1
free company,1
system diagnostic,1
welding material fabrication,1
track monitor,1
understanding ability,1
chss perquisite,1
12 year experience,1
package water treatment,1
heavy engineeringcompanies excellent,1
awarding stage,1
fuse breaker,1
acceptable discipline gate,1
pre,1
compressor turbine material,1
register,1
supplier apqp ppap,1
gandhinagar highway,1
senior design,1
salary 2,1
initial direction,1
drawing model,1
medical,1
direct control,1
expert advice,1
system level calculation,1
machine good,1
highway bhat gandhinagar,1
maintenance machine,1
sap,1
duration,1
indira bridge,1
conversion,1
vibration analysis,1
detailed engg vendor,1
industry job involves,1
part drawing,1
approve material substitution,1
ideal,1
hvacahu cooling,1
data sheet material,1
check project executed,1
nebs,1
energy power,1
engineer mechanical qatar,1
customer till end,1
system fire protection,1
maintenance auto,1
engineering tool method,1
improve product,1
technicians fitters,1
price,1
job production quality,1
paid,1
dfmea,1
cabling indoor,1
agency regulation certification,1
maintenance operations,1
transportation cab,1
completion control,1
bms controls,1
high voltage,1
solid works experience,1
gate 2015 qualified,1
piping code,1
applying electro,1
electrician,1
senior engineer senior,1
average,1
year practical experience,1
mechanical engineer fire,1
water treatmenteffluent,1
ansys unigraphics solidworks,1
engineers 0,1
feed pumps,1
ii essential functions,1
safety standard autocad,1
tool die,1
mechanical testing,1
sigma,1
ordination,1
man hour,1
cooling system,1
3d environment,1
getter attitude,1
website ww,1
skill proficient,1
system assembly automation,1
analysis thermal,1
related equipment,1
drawing preparing,1
location india,1
assembly standardized component,1
pumps breakdown maintenance,1
deliverable conduct pre,1
notice,1
apqp ppap approval,1
experience working,1
food industry job,1
fluid,1
tolerance,1
caliper micro,1
tba,1
posted,1
dfma,1
english hindi verbal,1
meet customer,1
5400 gross,1
functionality reading,1
contributory health,1
process power,1
leading oil gas,1
admissible,1
prepare proposal,1
lift mechanism pallet,1
elec chemical,1
hvacahu cooling towers,1
area engineering,1
po conversion,1
electrical automobile mechanical,1
glass wall,1
written skill,1
technical analysis required,1
design criteria calculations,1
skills autocad,1
bill checking work,1
manufacturing industrial automation,1
resource,1
mechanical civil,1
diploma freshers,1
experience holder hard,1
email,1
mechanical engineer 1,1
automobile aeronautical,1
scientist,1
mechanical design modification,1
field trouble shooting,1
strong negotiation skill,1
technicians mechanical,1
5 years,1
process equipment maintenance,1
engineer sr engineer,1
encourages,1
bids,1
purchase manager marketing,1
committed,1
turbine gas,1
technical sales,1
mills kiln,1
assitt engineer,1
tqm technique,1
criterion required,1
educadd,1
palamau district,1
engineering technical sales,1
machineries equipments,1
department engineering,1
excellent supplier,1
complete knowledge,1
pm,1
operations project costing,1
free transport facility,1
managing,1
water pumping distribution,1
party vendor,1
tablet mechanical,1
experience needed,1
engineer fire fighting,1
mtbf,1
suggest alternate,1
indira bridge gandhinagar,1
ensure process,1
cold reheat extraction,1
good communication skills,1
preferably inventor,1
jobs,1
role industrial,1
25,1
pf ds,1
relationship management,1
high rise,1
design activity multiple,1
stress analysis thermal,1
machines pharmaceutical machine,1
appointed,1
continuously,1
spare,1
years exp,1
design component selection,1
list schematic,1
wings hiring,1
ja,1
previous experience,1
engineering support,1
production maintenance,1
design detail design,1
fmea meeting,1
efficiency,1
region,1
engineer industrial,1
sample transport lab,1
ambattur poonamallee,1
contract,1
piping engineer,1
committed date,1
additional qualification,1
documentation vendor management,1
maintenance traineediploma trainee,1
tool industrial,1
14 year,1
holders,1
evaluation recommendation,1
software autocad catia,1
multidisciplinary,1
characterization,1
method standard,1
projects planning sales,1
robotics,1
period,1
middle ease,1
contractual opportunity,1
posse knowledge,1
maintained,1
based export house,1
system hydraulics application,1
main steam,1
66,1
stone quarry crusher,1
technician contractor technician,1
supervisor,1
mechanical maint engg,1
wtpwaste,1
operational group,1
tablet mechanical design,1
gas energy power,1
batching,1
cost issue,1
problem solvingcement erectionmechanical,1
written plan,1
process power tool,1
blowers pneumatics,1
west,1
management understands,1
location ambattur poonamallee,1
internal equipment,1
consultancy,1
development tema asme,1
maintenance schedule,1
pre bid meeting,1
tema ansip design,1
evaluation installation,1
steam generation,1
supports production activity,1
engineeringmechanical engineer,1
product launch project,1
engine,1
provide maximum output,1
pay 48930,1
validate equipment,1
engineering erection personal,1
thousand,1
csa eia,1
preferred mandatory,1
2 conduct dfmea,1
time sensitive deadline,1
stays informed,1
installation operation maintenance,1
assembly machine welding,1
electric electronics,1
contracted personnel,1
criteria calculations,1
plant water system,1
conditioning power,1
lead engineer mechanical,1
systemz,1
fire fighting standard,1
encourages team personnel,1
engineeringcreoproetolerance,1
miners feeder breakers,1
eia,1
tema asme project,1
approval process,1
production activity,1
ms automation system,1
quality standard,1
boiler steam,1
situation,1
solid work,1
relevant manufacturer,1
eb tech,1
ensure accident,1
pc laptop,1
cad hvac,1
engineering tool,1
reliability improvement design,1
routing concept,1
technology trend,1
project status,1
refinery,1
metal rubber,1
inspection instruments,1
inspection testing,1
obtain design approval,1
engineering change order,1
works preferred,1
mechanical system machinery,1
issue cost,1
proto,1
working relationship,1
test equipment,1
breaker crushers,1
maintanace,1
manufacturing assembly,1
html,1
cstatic engineerstatic,1
effective working relationship,1
propose,1
consultation,1
engineering research,1
atleast,1
unigraphics,1
good understanding,1
reputed organization,1
conducting research program,1
facility round,1
knowhow,1
preventive breakdown,1
event,1
standard autocad,1
fire plumbing,1
running,1
codes,1
driven,1
asme project planning,1
man power planning,1
wtp stp fire,1
validate,1
technical specifications,1
ansi tema standard,1
estimation,1
equipment power,1
mttr mtbf,1
diploma mechanical automobile,1
detailed manufacturing,1
adheres,1
division department engineering,1
production mechanical automobile,1
solid works cad,1
aeronautical,1
automatic samplers sample,1
handling multiple,1
trains,1
coordinate,1
purchase mechanical,1
production documentation including,1
standardized component,1
outdoor,1
certification effort,1
technically sound,1
electrical mechanical engineers,1
vendor complete,1
job requirements,1
pr po,1
machine manufacturing,1
complete monitoring,1
steam turbine gas,1
india development center,1
prepare design concept,1
service engineer,1
kiln,1
mechanical rotating,1
speed,1
maintenance maintenance plant,1
project phasing,1
inspection 33,1
yr,1
exchanger design,1
thinking,1
conduct design,1
verse,1
setting,1
mechanical assembly testing,1
samples,1
layout ga,1
working principle,1
functionality,1
extensive,1
repair maintain,1
scheduled,1
innovative material,1
holding,1
management consultants,1
automobile mechanical desigen,1
equipment required installation,1
100 countries worldwide,1
1 opening,1
technical bid,1
hard worker honest,1
steam heater,1
pumping distribution,1
preference,1
hydraulic routing concept,1
verification testing,1
electro mechanical requirement,1
built design,1
management component magnetics,1
tools cranes tower,1
group leader,1
mechanical maintenance indian,1
hotel,1
mixers,1
iso din en,1
kindly email,1
maintaining mechanical,1
3d cad tool,1
maximo,1
plastic sheet,1
pumps heaters condenser,1
resource allocation deployment,1
tower,1
food transportation,1
project costing project,1
supplier audit developing,1
allowance medical scheme,1
job career html,1
equipment working,1
revit mep software,1
moving,1
rotating package,1
column internal,1
engineersolving mechanicalcustomer,1
box creativity,1
selection costing making,1
mechanical data sheet,1
industry industrial products,1
conduct pre,1
canteen,1
powerpoint excel word,1
experience testing,1
hydraulic electrical,1
utility equipments,1
project life,1
evaluations vendor drawing,1
good drawing reading,1
tube,1
experience testing development,1
manufacturing electric electronics,1
pioneer,1
floor,1
critical,1
trainee engineer diploma,1
tool preferably,1
line experience,1
director,1
molding process,1
mechanicalassembly,1
ansip,1
mechanical utility,1
communicate,1
raising indent,1
leadership,1
minimum 10,1
receiver design,1
free company benefits,1
order eco,1
design phase,1
decisive,1
till end,1
strong knowledge,1
conducting,1
supervises,1
large manufacturing engineering,1
14 year experience,1
execution environment maintenance,1
serviceability,1
palamau,1
ob,1
system fire,1
multiple sourcing,1
practical,1
technical sale,1
malayalam speaking,1
33 66,1
technicians mechanical engineers,1
engineering cad software,1
feed pumps condensate,1
technical business research,1
researching,1
issue cost reduction,1
existing machine,1
paced multi disciplinary,1
pneumatics preventive,1
malfunction,1
instruments,1
job location,1
skilled,1
ensure adequate,1
initiator,1
chain activity,1
involving electrical,1
countries,1
0 auto cad,1
technical problem,1
maintenance traineediploma,1
processing technology,1
supervision small,1
work resolving cost,1
66 132,1
management understands project,1
gandhinagar 382 428,1
iv job specifications,1
technology sheet,1
fresher mechanical,1
discipline gate,1
mechanical engineeringmechanical manufacturinghardgoods,1
rfq sop,1
sale,1
product performance,1
tech robotic systemz,1
ensure delivery,1
voltage high,1
solvingcement erectionmechanical engineersolving,1
industrial pump water,1
drains,1
excellent coordination,1
document job career,1
system engineering expertise,1
visit client,1
safety guideline,1
based export,1
engineer client,1
mechanical engineeringcreoproetolerance,1
windchill,1
review technical bids,1
project life cycle,1
instrument air package,1
metal material,1
mechanical softwares,1
resolving,1
maintenanceutility maintenance hvacahu,1
control description,1
dirty,1
grasp,1
embed,1
objectives,1
oragadam irrungattukottai,1
pallet truck design,1
ac,1
weldment,1
ad,1
tower mobile,1
ah,1
characterization competitive product,1
contributory,1
assitt,1
general,1
left wtp,1
gas turbines,1
characterization competitive,1
reliability improvement,1
erectionmechanical engineersolving engineersolving,1
storage tank,1
training stipend,1
storage,1
vendor drawing reviews,1
purchase requisition,1
rubber,1
laboratory equipment,1
experience applying,1
piping civil electrical,1
5 years exp,1
dfma principle,1
drawings preparation checking,1
testing implementation,1
perform detailed,1
sodexo,1
drawing study,1
design engineerstatic mechanicalpressure,1
work management mis,1
design development modifying,1
students,1
drive lean,1
mechanicalelectricalmaintenance mechanical,1
material cutting profile,1
disclosed,1
engineer opto,1
pv elite,1
supervises technical,1
casting plastic sheet,1
intimation,1
junior staff,1
concrete ready mix,1
routing concept design,1
csa eia en,1
steam generation boiler,1
similar project ha,1
role senior design,1
bms,1
merkblatter bs en,1
engineer sc,1
hvac plumbing,1
attribute,1
cad technician,1
scheme children education,1
428,1
tank filter,1
extended duration,1
india overseas country,1
sheet metal forming,1
extruders mixers blenders,1
plan track,1
performing wire,1
cad design,1
stp blower,1
seals,1
mechanical engineeringcreoproetolerance analysismechanical,1
position senior reliability,1
mechanical design equipment,1
minimum 10 year,1
role category engineering,1
mechanical qatar,1
allowances,1
maintenance indian mnc,1
children,1
job responsibilities,1
material selection costing,1
2 conduct,1
pfd equipment,1
erectionmechanical,1
researching planning,1
chinchwad,1
preventive maintenance schedule,1
electronics production,1
small team,1
calculation material,1
heater drains vents,1
mixer ic,1
dirty building,1
14,1
supervision control technical,1
fire alarm etp,1
research engineer purchase,1
goal oriented,1
thermal management component,1
including bom assembly,1
place system,1
essential 9,1
automobile engineering,1
ehs responsibilities,1
functional initiative,1
automotive telecommunication,1
proto type sample,1
including bom,1
wanted qualified mechanical,1
multi party,1
bom estimated,1
relevant experience,1
plastic product design,1
comprise power,1
mps,1
electronics mechanical,1
24th,1
writing feasibility studies,1
design design development,1
corrective action,1
ro,1
00 00,1
sez eou,1
mechanical designing,1
communicate technical,1
large,1
manages,1
similar size scale,1
appointment,1
open,1
mechanical api industry,1
engineer industrial automation,1
position senior,1
specialty field experience,1
defining product,1
maintenance machine shop,1
conceptual design,1
fabricator,1
breakers,1
3d software autocad,1
negotiation skill,1
rate,1
studies dp rs,1
perspective,1
graduate mechanical engineer,1
solving technical,1
hand dirty building,1
feeder breakers crushers,1
training class,1
procurement sodexo client,1
data sheet,1
cec csa eia,1
2 time,1
asme y14,1
engineer female,1
resume,1
learner,1
bid experience,1
erection experience,1
plastic oil,1
mechanical refrigeration boiler,1
required experience,1
infrastructure component,1
gas automobile,1
advance,1
movement,1
glad,1
outgoing,1
system hydraulic electrical,1
estate,1
tool machine maintenance,1
assembly hydraulic,1
alternate cost effective,1
pneumatic conveying system,1
correct manufacturing issue,1
hvac utility maintenance,1
personal skill,1
documentation reports,1
condenser,1
design3d mechanical engineeringcreoproetolerance,1
equipment working principle,1
spoken english,1
compulsorily,1
national oil company,1
site related,1
supervising mechanical installation,1
vernier caliper micro,1
issue packaging,1
hindi verbal,1
vegetarian,1
documentation including,1
company website,1
aproductive,1
equipment layout,1
pick,1
y14,1
industry oil,1
manpower planning work,1
office essential 9,1
mechanical refrigeration,1
supplier relationship management,1
pharmaceutical grade waxe,1
basic pay,1
skills interpersonal skills,1
international marketing,1
africa,1
resolving cost issue,1
packaged equipment,1
tool assembly,1
utilisation,1
existing drawing,1
design engineer hydraulic,1
shifting,1
send,1
muslim,1
boq preparation cost,1
establish,1
continuously explore,1
select,1
maintenance industrial,1
short term project,1
presence,1
document job,1
gas energy,1
direction,1
10 15,1
100 countries,1
dear candidate,1
multiple diverse short,1
lecture laboratory,1
related remedial,1
familiar,1
6,1
tech mechanicalelectricalmaintenance,1
suggest alternate cost,1
solution including,1
possess electro,1
382 428,1
calculation detailed design,1
issue packaging manufacturing,1
interested candidate,1
structural component hydraulic,1
area production,1
improvement design,1
bid evaluation,1
permit,1
big,1
electricians hvac,1
bd loss,1
batching plant,1
international recruitment company,1
works cad,1
company required,1
trade person,1
design engineer industrial,1
ordinate maintenance effort,1
engineering graduates,1
knowledge plate,1
product design detail,1
mechanical process,1
magnetics fuse breaker,1
handling multiple diverse,1
communication data interface,1
time wastage,1
mechanical engineering technicians,1
thermal dissipation,1
nitrogen package,1
mobile tablet mechanical,1
layout drawing input,1
boiler utilities,1
note,1
efficient running,1
division,1
supplier sample,1
desiging,1
00 00 3,1
miners feeder breaker,1
retest,1
engineer automobile,1
cutting profile,1
responsibilities mechanical engineering,1
mechanical desigen,1
basic hand,1
competitive product,1
specific,1
charge equipment,1
conduct pre bid,1
mechanicalpressure,1
production quality inspection,1
documentation including bom,1
linked insurance scheme,1
goal,1
oil company,1
supply dispatch,1
csa,1
liaison,1
release,1
analyze vendor,1
system etp,1
good experience,1
process workflow drawing,1
magnetics fuse,1
office environment,1
iso,1
industrial products heavy,1
8 guide,1
sr engineer purchase,1
control system injection,1
development tema,1
advice,1
feed water main,1
diploma fresher,1
steam hot reheat,1
main plant system,1
reflect,1
fire safety standard,1
equipments required inspection,1
ff,1
medical scheme,1
waste water treatmenteffluent,1
evaluations,1
safrty reliability,1
fm,1
cost reduction,1
research program applying,1
comprehensive mechanical,1
automobile aeronautical engineers,1
bio tech architectural,1
piping isometric,1
pv,1
testing support compliance,1
hydraulic system diagnostic,1
successful candidate,1
etsi nebs,1
equipment maintenance,1
fundamental,1
drawing creation,1
skills problem,1
audit developing,1
supervisory experience covering,1
mechanical hydraulic,1
statutory related,1
perform design calculation,1
studies dp,1
utility plant maint,1
good team,1
vendor document review,1
mechanical design calculation,1
meet desired quality,1
ms windows,1
engineeringcreoproetolerance analysismechanical design,1
establish effective,1
model assembly detailing,1
pioneer management,1
vendor offer,1
wastage entry analysis,1
process export house,1
solve problem,1
ensure closure,1
calculations preparation,1
acceptable discipline,1
projects mechanical,1
tube type,1
conduct application study,1
instruments vernier caliper,1
mechanicalelectricalmaintenance mechanical testing,1
maintenance plant quality,1
mechanical related,1
blenders,1
preparation cost estimation,1
design criteria,1
online registration,1
activities include calculations,1
stp fire plumbing,1
conduct training,1
attend preventive,1
cec,1
breakdown preventive,1
covering maintenance installation,1
defining product launch,1
division department,1
awarding,1
company website ww,1
business development,1
civil elec,1
resolve technical issue,1
planned schedule,1
electrical mechanical,1
steam heater drains,1
concept design product,1
turbines feed pumps,1
atleast 02 05,1
adopting process,1
material selection properties,1
specifications bid,1
office product,1
agitator mixer,1
maintenance mechanical,1
micro,1
maintenance team,1
work output,1
heater package,1
prior intimation,1
involving electrical automation,1
management conflict resolution,1
asme project,1
supervising mechanical,1
pressure vessel,1
plant quality,1
engineers degree,1
full time,1
engineer 1,1
pc mechanical engineer,1
action implementation,1
mechanic mechanical,1
ii skills,1
electrical engineers,1
insurance,1
engg vendor drawing,1
posting location jamnagar,1
3 experience,1
engineers maintenance,1
heavy engineeringcompanies,1
residential commercial township,1
test report,1
handling air,1
health,1
electronics production engineeringmechanical,1
engg maintanace,1
cad technician prior,1
preventive crusher mechanical,1
proactive mechanical maintenance,1
highway,1
support responsibility,1
api iso,1
vendor coordination,1
electricals,1
power plant,1
point,1
equipment facility,1
timeline,1
real estate,1
defined area,1
poorly performing,1
maintenance hvacahu,1
detail design,1
windchill pro intralink,1
mechanical control,1
location ambattur,1
pm activity,1
bim project,1
project identification,1
repairing laboratory,1
engineering technicians,1
benefits,1
plastic material,1
launch,1
process engineer mechanical,1
safety register,1
engineer electro mechanical,1
rubber hoses,1
en etsi nebs,1
industrial manufacturing,1
lead cross,1
laptop mobile,1
hyderabad,1
major,1
design development tema,1
calculation stress calculation,1
project ha good,1
apqp ppap,1
experience covering,1
bhat,1
edge2d design3d mechanical,1
cadd,1
build strength,1
process plant,1
resolution manpower management,1
hydraulics heat transfer,1
track schedule,1
miss,1
interpersonal skills problem,1
industry including,1
idea,1
dfm,1
reading schematic,1
tooling,1
elec chemical bio,1
govt statutory,1
material request,1
include high,1
quality maintenance,1
dfr,1
basis report drawings,1
paint,1
indian mnc,1
high rise residential,1
institutes rule,1
engineer contractual opportunity,1
dfa,1
auto component manufacturing,1
good hand,1
audit,1
maintenance job,1
residential commercial,1
etsi,1
assembly automation pick,1
hydrocarbon construction sector,1
60,1
vernier,1
circuit functionality reading,1
merkblatter bs,1
solidworks engineer,1
countries worldwide,1
gas turbine compressor,1
mechanical process power,1
vendor development solving,1
engineering knowledge,1
bid meeting,1
kind,1
team interaction,1
hvac water,1
preparing bill,1
firefighting plumbing,1
incorporate,1
disciplinary team environment,1
develop depth,1
thermal dissipation calculation,1
engineering cad,1
obtain design,1
testingmaterials engineermechanical,1
handling equipment independently,1
wastage,1
rack thermal management,1
odm,1
dc power,1
instrumentation production,1
manufacturing industry,1
position status,1
level proficiency,1
material fabrication supervision,1
management conflict,1
room,1
interface knowledge coordination,1
contractor technician,1
record problem,1
design deliverable conduct,1
15 year,1
assistant professor,1
abt,1
exchanger storage,1
electrical boq preparation,1
superior,1
alarm etp stp,1
grasp processing,1
fm electrical,1
energy power infrastructure,1
design deliverable,1
reading writing,1
y14 5m,1
consulting solutions pvt,1
ancillary,1
2d,1
ja cstatic engineerstatic,1
research program,1
production department,1
balance plant system,1
design industrial compressors,1
samplers sample transport,1
equipment design design,1
electric,1
vacancy,1
area production manufacturing,1
industry industrial,1
plant quality manufacturing,1
launcher receiver design,1
mechanical engineer hvac,1
equipment plant,1
control department,1
package water,1
information,1
engineer forklift,1
industrial equipment,1
interface knowledge,1
understands,1
tech 5,1
system engineering knowledge,1
launcher receiver,1
automobile work,1
tema api,1
engg mechanical engineering,1
equipment testing implementation,1
mechatronics,1
kv,1
sr fm electrical,1
60 aggregate mark,1
client mentioned,1
microsoft,1
shift fire alarm,1
die supply dispatch,1
related field,1
job specifications,1
agitator mixer ic,1
grasp processing technology,1
small office environment,1
ansi tema,1
team member,1
piping steel structure,1
hvac firefighting plumbing,1
mechanical lead engineer,1
industry operation,1
mech,1
day basis,1
successful completion,1
24th july,1
parameters,1
reputed machine manufacturing,1
prioritize team,1
scheme ltc group,1
pc laptop mobile,1
order equipment,1
5 year experience,1
maintenance auto component,1
solid works mechanical,1
mechanical engineer contractual,1
engineermechanical,1
traineediploma trainee engineer,1
sr site,1
quality manufacturing electric,1
ready work,1
saudi,1
steam hot,1
building repair,1
bangalore,1
scheme ltc,1
related piping code,1
raw material,1
pumps condensate pumps,1
analytical ability,1
key responsibilities,1
alarm etp,1
sourcing exercise,1
respective trade person,1
risk advise,1
relocate,1
adhered,1
erection personal skills,1
addition,1
sheet metal rubber,1
assembly standardized,1
supervisory experience,1
related activity,1
rfq,1
design approval,1
cranes tower,1
analysismechanical design,1
mechanical portion,1
merkblatter,1
required manufacturing production,1
mechanical maintenance traineediploma,1
telecommunication power,1
ph,1
voltage,1
engineering mechanicalelectrical,1
process industries,1
required inspection,1
pvt,1
concrete ready,1
design engineering mechanical,1
sez,1
registration 24th july,1
machineries equipments tools,1
mechanical engineers maintenance,1
engineeringcreoproetolerance analysismechanical,1
perform related,1
institutes,1
stations inverters,1
mechanical requirement technology,1
cad cam,1
place system machine,1
activity multiple,1
cadd engineer educadd,1
project executed,1
mechanical desigen engineer,1
system etp wwtp,1
familiarity,1
generation transportation,1
desired quality,1
mining equipment design,1
recruiter,1
supply dispatch assembly,1
activity supplier,1
assistants,1
sez eou stpi,1
thrive,1
responsibilities adherence,1
knowing,1
insurance scheme,1
fabrication technology,1
description technical specifications,1
creating,1
mechanic mechanical engineer,1
previous international,1
supplier sample approval,1
good drawing,1
3 25 00,1
industrial manufacturing environment,1
engineering utility,1
succeed,1
engineer diploma holders,1
prepare design layout,1
gandhinagar highway bhat,1
3d drawing,1
perform detailed design,1
testing development,1
hardgoods production,1
mixer ic engine,1
pace,1
miss occurring,1
sensitive,1
automation system assembly,1
production engineeringmechanical,1
approve,1
services contracting,1
type sample,1
etp wwtp,1
05,1
refinery expansion,1
asme y14 5m,1
perform design,1
forklift,1
accident free execution,1
solidwork,1
solvingcement,1
inverters transmission,1
ensure energy,1
kiln seals,1
minimum 2 year,1
tendering technical bid,1
knowledge column,1
maintenance engineer mechanical,1
deal,1
stpi e1,1
engineeringcompanies,1
thrissur apply,1
group linked insurance,1
monthly,1
engineering change,1
deployment,1
provide stability,1
creativity,1
software skills desired,1
related mining,1
field experience,1
thermal analysis,1
test results,1
softwares,1
engineerstatic design,1
4,1
design manufacture,1
muslim university,1
assembly detailing,1
counselling,1
subsystem,1
allocation deployment,1
providing job,1
costing making design,1
meet customer requirement,1
drawing manufacturing procedure,1
tech candidate,1
autocad working knowledge,1
requirement technology,1
8 hr,1
maintenance plan,1
selection properties,1
design field,1
works cad software,1
instrument air,1
marketing manager research,1
complex calculation stress,1
component magnetics fuse,1
budget,1
33,1
communication skill proficient,1
class item,1
ic engine,1
extraction steam heater,1
oil petrochemical,1
mechanical engineers required,1
drawing reviews,1
welding,1
towers utility,1
real,1
boiler steam turbine,1
information relative,1
outgoing 2d 3d,1
inverters,1
plant located,1
99584152,1
skill involving electrical,1
inventor sheet,1
process control engineer,1
work proficient person,1
performs complex,1
experience 3,1
part list schematic,1
result,1
system experience,1
design process,1
consultancy field,1
conditioning power generation,1
02 05,1
implementing latest,1
data interface emi,1
creo creo 2,1
product launch,1
advise,1
hot reheat cold,1
good communications,1
engineeringcompanies excellent,1
getter result oriented,1
panel internal,1
turbine mechanical system,1
suggestion,1
automobile engineer,1
understating,1
comprehensive,1
diploma fresher engineer,1
maintain 5,1
cement,1
refrigeration boiler,1
provide understanding,1
interdepartmental activity,1
12 year,1
produce visual interpretation,1
perquisite,1
equipment related,1
supervision control,1
turbine material handling,1
elec,1
bid evaluations vendor,1
project work,1
training period,1
serial production,1
quickly informed,1
refirigeration airconditioning,1
engineering calculations,1
hot reheat,1
concrete,1
hydraulics application,1
west bengal,1
auto ancillary,1
district,1
comprise,1
indian citizen,1
chemical petrochemical,1
auto cad solid,1
engineer fire,1
machine manufacturing company,1
project engineers mechanical,1
pumps root blowers,1
dc power system,1
manager research,1
creatively solve problem,1
hand calculation,1
hydraulic system design,1
mechanical assembly,1
design mechanical,1
world,1
feeder breaker crushers,1
auto components,1
mechanical automobile aeronautical,1
resolving cost,1
task,1
customer support solid,1
posting location,1
tablet,1
launch project,1
cochin thrissur,1
similar size,1
handling solution including,1
responsibilities mechanical,1
control piping civil,1
perform verification testing,1
source,1
remedial action,1
ejector,1
48930,1
part drawing qualified,1
caliper micro meter,1
testing commissioning,1
chinchwad pune,1
product related,1
nature,1
excel word,1
complaint,1
bim,1
maintenanceutility,1
format,1
forming machining injection,1
prioritize team interaction,1
utility maintenance dg,1
regularly monitored,1
maintenance industrial engineer,1
overseas project,1
strategically,1
electric electronics mechanical,1
related document,1
water piping,1
marketing engineer mechanical,1
stage anf,1
contractual,1
hvacahu,1
submission,1
mechanical maintenance machine,1
sr fm,1
productive,1
quality mechanical,1
inspection report,1
2 00 00,1
communications,1
revit mep,1
conduct training class,1
include calculations preparation,1
procurement perspective,1
assembly testing,1
office essential,1
extensive experience,1
internal problem,1
current distribution,1
machining technology,1
work independently,1
automobile engg department,1
ja cstatic,1
making design proposal,1
sr mechanical engineer,1
added,1
developing mechanical control,1
problem faced,1
plant stone,1
reheat cold,1
job kindly email,1
excellent opportunity,1
mechanical related design,1
describing,1
injection system,1
material requisition,1
project engineers,1
improvement design activity,1
mechanical engineer female,1
pes,1
manufacturing engineering unit,1
fast paced,1
supervisors electricians hvac,1
balance plant,1
time book,1
technical assignment,1
flexible team player,1
id pfd,1
ro uf mbr,1
expansion fertilizer,1
review technical,1
room approval,1
analysismechanical,1
mechanical system hydraulics,1
sr mechanical,1
problem solvingcement,1
optical mechanical product,1
saudi arabia,1
conversant,1
working drawing detail,1
electronic circuit,1
samplers sample,1
utility maintenance,1
bs,1
relating,1
power tool,1
tech mechanicalelectricalmaintenance mechanical,1
finalizing equipment layout,1
potential personnel problem,1
process knowledge,1
proven,1
time wastage entry,1
samplers,1
teaching bachelor,1
graduation,1
design metal,1
engg vendor,1
pump water tank,1
rotating packages,1
microsoft office,1
poorly performing equipment,1
benchmarking,1
block hotel block,1
products heavy machinery,1
technician prior,1
current distribution cabling,1
design software,1
piping engineers degree,1
transport lab,1
check list,1
sample approval,1
services,1
assistant,1
project stage serial,1
material requisition technical,1
water plant,1
guideline,1
developing material handling,1
work related,1
complex skilled maintenance,1
part modification,1
control piping,1
hvac technicians,1
manufacturingvehicle production,1
highlighting follow,1
perform related duty,1
engineersolving engineersolving mechanicalcustomer,1
blowers rotary,1
fast,1
basic mechanicalassembly,1
vendors,1
tema standard,1
automatic concrete,1
academic,1
drawing bom,1
jh,1
subsidized,1
word format,1
criteria,1
towers utility equipments,1
latest tqm,1
purchase engineer marketing,1
maintenance mechanical testingmaterials,1
perform system level,1
direct proportion,1
awarding stage anf,1
handling overseas project,1
raising,1
planning developing,1
plant mechanical,1
equipment utilization,1
industry job,1
entry,1
assessment evaluation,1
experience covering maintenance,1
qualified part,1
required design,1
pharmaceutical grade,1
supplier relationship,1
vlite microprotol,1
verification,1
embed heating,1
urgent opening,1
heat exchanger design,1
estate sector,1
engineermechanical software testing,1
uf,1
engineer marketing,1
execution environment,1
tendering technical,1
water treatment equipment,1
supervisors electricians,1
including civil,1
command,1
plant stone quarry,1
mid scale,1
project documentation vendor,1
diverse,1
assignment involving,1
mechanical engineer mining,1
fabrication bill checking,1
quality mechanical engineering,1
fluency,1
system water system,1
loyal,1
design calculation material,1
electrical automobile,1
control plans,1
kr,1
thermal management,1
engineer senior mechanical,1
perform maintenance work,1
small office,1
quality parameters,1
production quality mechanical,1
water waste water,1
provided,1
skill levels,1
routing basic mechanicalassembly,1
drawing reviews general,1
target date,1
life cycle scheduling,1
adequate inventory,1
develops,1
design criterion,1
project plan,1
fertilizer,1
team environment,1
structure,1
sp ms packaging,1
system heating system,1
including component,1
indian mnc cochin,1
routing basic,1
chss,1
proactively identify,1
job including,1
american,1
turbines,1
visual,1
die supply,1
power tool die,1
related remedial action,1
fresh,1
conveyors sp ms,1
adf client,1
substitution,1
gd,1
drafting skill,1
handling multi party,1
primary purpose,1
breakdown problem efficiently,1
conveyors sp,1
results,1
treatmenteffluent treatmentsewage,1
international recruitment,1
indoor outdoor enclosure,1
extruder maintenance activities,1
candidate visit,1
competitive product assessment,1
gas companies,1
ensure compliance,1
perform installation work,1
excellent supplier relationship,1
inspection 33 66,1
desired quality standard,1
dfm dfa dfr,1
internal customer,1
young,1
allowance medical,1
demonstrate,1
design coordination,1
drawing qualified part,1
report maintain,1
maintenance repair preferably,1
chillers pumps cooling,1
starter,1
architectural plastic oil,1
treatment equipment,1
related national,1
generation boiler,1
valid suggestion,1
breaker communication,1
design mechanical part,1
development solving,1
supervision man,1
treatmentetpwtpstpwaste wtpwaste etp,1
conflict resolution manpower,1
time food,1
year work,1
proactive measure,1
manufacturing production,1
house mechanical,1
dissipation calculation,1
optical mechanical engineering,1
monthly stipend,1
evaluations vendor,1
tooling requirement,1
equipment boiler,1
expansion fertilizer petrochemical,1
engineers mechanical chemical,1
execution completion control,1
hydrocarbon construction,1
bom assembly,1
engineer hydraulic,1
mechanical production,1
understands project life,1
ii essential,1
technician contractor,1
wwtp,1
married,1
electrical automation,1
mechanical drawing shop,1
dispatch assembly machine,1
july 2015,1
compliance certification,1
rack,1
execute detailed design,1
calculations tema,1
2 00,1
commitment,1
gas turbines feed,1
auto mechanic mechanical,1
updation,1
safe system,1
turbine gas turbines,1
desk inventor,1
visit client site,1
food transportation cab,1
important kra,1
recruitment,1
expense,1
air cooler,1
assures,1
business promotion,1
testing 1 opening,1
engineer purchase mechanical,1
feeder breaker,1
successful design,1
engineer reviewer bop,1
micro meter,1
scheme chss perquisite,1
system assembly,1
requirements,1
international code standard,1
sheet material requisition,1
moradabad,1
activity supplier audit,1
treatmentetpwtpstpwaste,1
exercise,1
compressor steam,1
lift manufacturing industrial,1
site working,1
mechanical safe,1
commercial,1
gross,1
drawing preparing drawing,1
explore,1
design basis,1
reports writing,1
activity multiple sourcing,1
mechanical engg maintanace,1
general arrangement,1
design modification,1
cam manufacturing,1
execute detailed,1
treatmentsewage treatmentetpwtpstpwaste,1
grade waxe,1
great,1
program applying,1
lead engineer client,1
outdoor enclosure rack,1
involved,1
gross pay 48930,1
mechanical equipment required,1
products,1
implement,1
cooler ejector,1
hypermesh pro,1
fast paced multi,1
robotic systemz,1
import,1
recognized university degree,1
mechatronics purchase,1
standard engineering,1
contracting,1
3 year experience,1
tools,1
strainer,1
customer support responsibility,1
engg department,1
location jamnagar,1
attend preventive breakdown,1
design3d,1
preparing proto type,1
failed,1
mechanical maintenance extruder,1
mechanical civil elec,1
material cutting,1
execution completion,1
symbol,1
nec cec,1
doubt,1
conveyors fork lift,1
vendor invoicing,1
timing,1
experience including troubleshooting,1
aeronautical engineers required,1
left wtp stp,1
pfd,1
stone,1
integrate,1
chemical bio tech,1
turbine mechanical,1
assembly machine,1
vlite,1
professor,1
tolerance analysis,1
fighting standard,1
design industrial,1
carried,1
equipment independently,1
review problem solving,1
field trouble,1
team strong,1
small entrepreneurial,1
maintenance blowers,1
stations,1
technical requirement,1
creo2,1
validation,1
industrial products,1
great drive,1
energetic fast paced,1
gas turbine mechanical,1
architectural plastic,1
establishment line,1
validate equipment design,1
detail drawing creation,1
leading group,1
firefighting,1
sr site mechanical,1
voltage high current,1
perform work,1
research manager senior,1
project simultaneously,1
tax free company,1
3d drawing model,1
mixer,1
treatmentetpwtpstpwaste wtpwaste,1
time delivery,1
serial,1
sodexo client,1
design engineering,1
crusher mechanical maintenance,1
mechanicalcustomer,1
design product,1
industry west bengal,1
qualified candidate,1
finalizing equipment,1
arrangement,1
equipment agitator,1
applying principle,1
perform maintenance,1
improve product performance,1
purchase engineer,1
technical skills,1
bhat gandhinagar 382,1
hand dirty,1
npd,1
act,1
electromechanical field,1
collection,1
fork lift mechanism,1
output level,1
minimal supervision,1
hindupur,1
design engineer direct,1
gate 2015,1
reviews general,1
hydraulics heat,1
concept design industrial,1
eou stpi,1
design applies,1
testing automotive,1
equivalent knowledge training,1
netbrains,1
http takewing,1
5 diploma,1
correct manufacturing,1
hydraulic pneumatic knowledge,1
evaluates mechanical,1
fabrication supervision control,1
eb tech mechanicalelectricalmaintenance,1
design software solid,1
auto mechanic,1
functionality reading schematic,1
agency regulation,1
engineering mechanical maintenance,1
preventive crusher,1
instrumentation production manufacturing,1
mechanical engineering erection,1
plant equipment safety,1
piping civil,1
vessel engineerstatic senior,1
meter,1
selecting pump water,1
132,1
fire protection,1
regular facility,1
planning work,1
benchmarking ability,1
high proficiency,1
calculation detailed,1
industries,1
design customer support,1
le,1
grade pay,1
located,1
leading oil,1
costing making,1
auto component,1
loyal candidate,1
maint engg,1
interested candidate visit,1
timely manner,1
defining,1
test part,1
child transport allowance,1
maintenance department,1
1 2 yrs,1
support solid,1
conduct design review,1
level efficient,1
2 day,1
quality department,1
vendor work,1
plan track monitor,1
environment maintenance operations,1
dap,1
ensure saving,1
bio,1
hands,1
bill checking,1
team personnel,1
export house mechanical,1
proficient person,1
production site,1
manufacturer standard,1
undertaking,1
tool method,1
engineer solidworks engineer,1
maintenance plastic industry,1
alternate cost,1
npd engineer,1
plastic product,1
indoor outdoor,1
site permit,1
pdms,1
fields,1
accounts,1
applies innovative,1
female,1
innovative cosnultants,1
equipment history,1
adaptable decisive,1
globe,1
lift wtp stp,1
ac dc,1
measure,1
system water,1
qualified mechanical piping,1
tool die supply,1
compliance certification effort,1
solution including component,1
btech,1
conveyor sp,1
documentation vendor,1
fabrication raw,1
6 7 year,1
electromechanical system,1
mechanicalelectricalmaintenance,1
blowers pneumatics preventive,1
international assignment,1
previous international experience,1
milk processing,1
supports,1
integrated,1
cad design software,1
material hardware,1
plastic material hardware,1
pfd equipment ga,1
workflow,1
eco,1
outdoor enclosure,1
id pfd equipment,1
pumps heaters,1
ac dc power,1
design requirement,1
latest,1
ppm schedule,1
latest tqm technique,1
airconditioning,1
related piping,1
industrial compressors,1
mechanical requirement,1
mechanical maintenance maintenance,1
repairing,1
5400,1
engineering technicians mechanical,1
design installation,1
maintenance activities,1
maintain inventory,1
ltc,1
transportation processing,1
produce,1
multiple project simultaneously,1
transfer,1
power planning,1
strictly,1
designed,1
sheetmetal auto,1
poonamallee oragadam,1
malayalam speaking regular,1
knowledge column internal,1
english communication,1
extruder maintenance,1
efficient management,1
ambiguity problem,1
english hindi,1
manufacturing erp,1
comprise power system,1
designer engineer,1
stations inverters transmission,1
communicator,1
design innovative material,1
circuit functionality,1
compressorsmechnical,1
work methodology,1
decision making,1
anf detailed,1
stage serial,1
energy conservation,1
conducting research,1
past experience,1
detailing,1
document review,1
related field issue,1
priority,1
sr engineer,1
tool industrial automation,1
sheet metal press,1
required installation maintenance,1
civil electrical automobile,1
skills interpersonal,1
mobile automatic,1
inter personal skill,1
engineer solidworks,1
group linked,1
shell,1
quarry,1
solid edge2d design3d,1
bachelors,1
ha good,1
pc mechanical,1
construction machinery,1
66 132 kv,1
supply chain activity,1
turbine compressor,1
aware abt,1
july,1
elite,1
shifting process,1
etp stp blower,1
steel,1
built drawing documentation,1
productively thrive,1
marketing manager,1
plant oil gas,1
abnormality,1
isolation,1
management mis,1
required design calculation,1
filling,1
storage tank filter,1
drive lean thinking,1
helpdesk complaint,1
purchase requisition vendor,1
kindly,1
briefing,1
providing,1
compressor gearbox,1
strong decision,1
development activity supplier,1
excellent control,1
en manufacturer,1
planning sales,1
automatic samplers,1
practical experience,1
engineerstatic design engineerstatic,1
fabrication drawing,1
safety project,1
ms office product,1
case,1
good drafting skill,1
recommends,1
intralink,1
role industrial engineer,1
close,1
pressure vessel column,1
linked,1
pre bid,1
cabling indoor outdoor,1
eou stpi e1,1
contracted personnel including,1
laptop mobile tablet,1
cranes,1
studying,1
ensure process plant,1
testing cad,1
mills,1
mid,1
mechanism,1
fabrication technology sheet,1
transport allowance,1
designing material,1
preventive breakdown maintenance,1
hydrocarbon,1
mechanical engineering graduates,1
attend breakdown,1
mis,1
vendor including,1
manufacturing electric,1
conceptual design design,1
refirigeration,1
worldwide,1
location qatar,1
wide variety,1
stp blower hvac,1
metal forming machining,1
132 kv,1
breakdown maintenance activity,1
pension scheme,1
communication data,1
00 3 25,1
drawing review,1
solid work proficient,1
water treatment boiler,1
fitter electrician,1
project risk,1
truck design,1
results retest,1
handling conveyors fork,1
job description,1
dirty building prototype,1
mechanical electrical,1
ww ipr,1
senior design engineer,1
request,1
online http ww,1
hvac utility,1
strong technical skill,1
design team,1
manufacturing drawing,1
excellent verbal,1
mechanical production line,1
mechatronics purchase engineer,1
engineerstatic senior engineer,1
pumps servicing,1
atmosphere,1
engineering mechanical design,1
pumps cooling towers,1
indoor,1
tpm,1
master project,1
water waste,1
strong understanding,1
time food transportation,1
circuit design,1
openings,1
ha,1
based,1
guide junior engineer,1
business research,1
pneumatic knowledge,1
complete responsibility,1
controls,1
mechanical engineer east,1
reactive,1
quarry crusher,1
conceives develops,1
candidates,1
project ha,1
ambiguity,1
mechanical installation,1
local,1
development product,1
tech 5 year,1
demonstrated,1
regularly,1
control system hydraulic,1
power infrastructure,1
design basis report,1
include high voltage,1
improvement activity,1
create drawing,1
strainer specialties,1
outgoing 2d,1
lift wtp,1
govt statutory norms,1
vmc,1
innovative technology,1
api iso din,1
tema asme,1
engineer east,1
mechanical testing cad,1
steam turbine,1
manager research manager,1
water pumping,1
qualified mechanical,1
automotive electronics,1
tbd,1
manufacturing engineering design,1
stability,1
qs,1
hoses,1
hard worker,1
material engineering,1
work proficient,1
drawing manufacturing,1
fmea meeting leader,1
reheat extraction,1
innovative design,1
detailed checking,1
building prototype,1
design engineer mechanical,1
maximize,1
regular break,1
demonstrated proficiency,1
gas power,1
effective manner,1
panel equipment,1
planning project execution,1
ppm adherence,1
office executive,1
checking work,1
manufacture,1
children education,1
paint chemical,1
stage anf detailed,1
time book allowance,1
position status full,1
cold,1
creo 3,1
creo 2,1
heaters,1
fork lift manufacturing,1
wire,1
autocad design engineer,1
2 yrs ranchi,1
electrical malfunction,1
posse,1
international codes,1
mechanical lead,1
multiple diverse,1
identification,1
poonamallee,1
complex skilled,1
engineer educadd,1
minimum time,1
supervises technical supervisors,1
fresher mechanical engineer,1
mechanical engineering expert,1
proactive mechanical,1
grow,1
key,1
heavy engineering,1
work resolving,1
exchanger storage tank,1
packaging machines,1
engineer purchase manager,1
graduate mechanical piping,1
engineer reviewer,1
verbal communication,1
edge2d,1
career,1
strong sense,1
list schematic ec,1
incident,1
freq,1
line follow,1
technical reports writing,1
design calculations tema,1
autocad powerpoint excel,1
maintain competency,1
60 aggregate,1
wall,1
extruders,1
static equipment related,1
reviews general arrangement,1
anf detailed scope,1
agreed,1
software solid works,1
plans meeting,1
planning work allocation,1
respect,1
moradabad based export,1
operation heavy,1
smooth interdepartmental,1
packages,1
transport facility,1
autodesk,1
cycle scheduling,1
enclosure rack,1
installation maintenance,1
desigen engineer 99584152,1
ventilation system,1
hindupur factory,1
select material,1
hindi,1
lead mechanical,1
insurance scheme children,1
quality check,1
compressors ah,1
engineering technical,1
water main steam,1
structural component,1
development activity,1
condensate feed,1
standard autocad powerpoint,1
job kindly,1
internationally recognized engineering,1
accident,1
design product design,1
ha good experience,1
preparing proto,1
equipments tools cranes,1
component hydraulic circuit,1
mechanical engineers 0,1
maintenance extruder,1
mechanical product,1
casting plastic,1
thrissur,1
analysis thermal analysis,1
ob description,1
record order,1
plant water,1
entrepreneurial,1
ehs responsibilities adherence,1
vendor document,1
efficient utilisation,1
proactive maintenance plan,1
medical scheme facility,1
moving vehicle,1
fuse breaker communication,1
mechanical drawing,1
manually,1
report maintain inventory,1
hardware,1
cost issue packaging,1
properties,1
arabia,1
ms packaging,1
engineerstatic mechanicalpressure,1
technical analysis,1
revit,1
providing job opportunity,1
extraction steam,1
skills autocad design,1
2 yr,1
engineering fundamental,1
manufacturing procedure,1
heat exchanger storage,1
assitt engineer mechanical,1
assembly dfma principle,1
canteen facility,1
drawing documentation reports,1
party,1
tema ansip,1
evaluates,1
international standard,1
packaging machines pharmaceutical,1
engineering design activity,1
3 25,1
preparing drawing,1
cost estimation,1
urgent requirement,1
quality check project,1
inter personal,1
student,1
robotic,1
asme ansi tema,1
mep technology,1
service delivery,1
conceives,1
transmission line follow,1
product engineer,1
gmp,1
knowledge preparation,1
mechanical part,1
weld,1
experience holder,1
hvac firefighting,1
pension scheme ltc,1
perform system,1
accurate record,1
machine welding material,1
project assigned,1
recruitment company,1
research manager,1
maintenance blowers pneumatics,1
solvingcement erectionmechanical,1
sets,1
catia hypermesh pro,1
design3d mechanical,1
power generation,1
stores,1
wtpwaste etp,1
engineer mechanical api,1
system injection,1
accurate,1
tendering,1
domestic,1
production quality maintenance,1
engineer direct,1
front,1
perform verification,1
children education allowances,1
engineering unit,1
design detail,1
piping isometric drawing,1
mechanism pallet truck,1
plant maint,1
mechanical ventilation system,1
2 yr exp,1
cochin thrissur apply,1
output level efficient,1
mechanic thermodynamics hydraulics,1
plant mechanical maint,1
adf,1
thermodynamics,1
pneumatics preventive crusher,1
development stage,1
engineering subsystem,1
citizen,1
maintenance job including,1
problem tracking,1
routine troubleshooting,1
multiple project,1
analyze vendor offer,1
system machine,1
supplier apqp,1
turbine material,1
job responsibilities mechanical,1
emergency solution,1
feeder breakers,1
pharmaceutical machine machine,1
applying electro mechanical,1
technical bid evaluation,1
built drawing,1
din en manufacturer,1
treatment boiler,1
ventilating,1
conveyor fork lift,1
size scale,1
wanted graduate,1
desk,1
press,1
evaluate student,1
bop mps,1
including civil maintenance,1
loss,1
problem efficiently,1
maintenance schedule adherence,1
helpful,1
mechanical experience,1
manufacturing process export,1
3 year,1
cad pro,1
feasibility studies,1
requisition technical,1
work location ambattur,1
breakdown analysis sheet,1
asme ansi,1
daily report,1
basic hand calculation,1
technical bids,1
soft,1
desigen engineer,1
deviation,1
project management understands,1
part list,1
pneumatic circuit,1
electromechanical design,1
result oriented,1
ensure rate contact,1
scheme chss,1
selecting pump,1
growth,1
recommendation,1
proper,1
liking,1
excellent communication,1
education allowances,1
standard design,1
petrochemical plant,1
highlighting,1
maintenance effort,1
broad,1
industrial engineering,1
lean,1
invoicing,1
master project stage,1
yrs ranchi,1
passion,1
compliance related mining,1
engineer mechatronics purchase,1
workflow drawing,1
vessel engineerstatic,1
ms packaging machines,1
pr,1
salary tax,1
selecting,1
plastic manufacturing process,1
recognized university,1
expansion,1
mechanism pallet,1
ambattur,1
bachelors degree,1
steel structure,1
validation testing,1
hour estimate,1
pumps cooling,1
testingmaterials,1
drawing documentation,1
ensure rate,1
quality inspection,1
4 creo,1
electronics mechanical process,1
launch project plan,1
refrigeration boiler utilities,1
crusher pneumatic,1
electro mechanical system,1
package nitrogen package,1
cement erection experience,1
inventory maintenance,1
entrepreneurial atmosphere,1
adequate inventory maintenance,1
lead cross functional,1
electro mechanical experience,1
kra,1
powerpoint,1
electrical boq,1
waxe,1
checking work planning,1
pig launcher,1
safrty,1
turbines feed,1
engineer diploma freshers,1
maintenance engineering mechanical,1
tackle,1
finalizing,1
registration,1
predictive maintenance,1
mechanical testingmaterials,1
drafting,1
import transaction,1
line experience including,1
standard ansi nec,1
mnc cochin,1
additional,1
reputed machine,1
indira,1
skill involving,1
system level,1
continuous improvement,1
depth knowledge,1
heaters condenser,1
jamnagar,1
specifications bid evaluations,1
panel internal equipment,1
job engineer,1
pf,1
yrs,1
bd,1
6 7,1
managerial,1
certificate,1
date monitoring,1
design design calculation,1
component manufacturing,1
usable condition,1
conservation initiative,1
extended,1
build maintain competency,1
hour estimate preparation,1
heating system,1
support compliance,1
multidisciplinary product,1
thermodynamics hydraulics,1
production documentation,1
schedule adherence,1
treatmenteffluent treatmentsewage treatmentetpwtpstpwaste,1
solid edge2d,1
conveyor fork,1
plastic oil gas,1
dp rs,1
smooth,1
maintain log,1
applies innovative technology,1
adequate,1
duties,1
estimate preparation,1
multiple small,1
rise residential,1
engineering design installation,1
experience including,1
mechanical automobile engineer,1
unigraphics solidworks,1
engineer lead engineer,1
covering maintenance,1
mechanicalpressure vessel engineerstatic,1
loss time,1
netbrains consulting,1
lift manufacturing,1
review problem,1
job title shift,1
multidisplinary interface,1
scale project,1
functions,1
solid edge,1
themechanical design,1
piping component,1
project proposal,1
interdepartmental,1
ltc group,1
energetic fast,1
mechanical static,1
plastic sheet metal,1
job engineer mechanical,1
lead mechanical engineer,1
manufacturing environment,1
drawings preparation,1
safrty reliability quality,1
pension,1
eia en etsi,1
technical supervisors electricians,1
required installation,1
mechanicalpressure vessel,1
fmea,1
stay,1
job career,1
stone quarry,1
communication skills,1
report drawings preparation,1
client site,1
master room approval,1
mixers blenders,1
system pump,1
compressor turbine,1
marketing engineer,1
related studies,1
sp ms automation,1
oral,1
pharmaceutical machine,1
treatmentsewage treatmentetpwtpstpwaste wtpwaste,1
rule,1
products heavy,1
electrical electronic circuit,1
portion,1
required staff,1
dg sets,1
eou,1
linked insurance,1
understand,1
provide maximum,1
automatic concrete ready,1
manager marketing manager,1
